category,img_url,product_id,product_name,price
免洗餐具,https://online.carrefour.com.tw/dw/image/v2/BFHC_PRD/on/demandware.static/-/Sites-carrefour-tw-m-inner/default/dwebecb96c/images/large/3125800600101_NR_00.jpg?sw=300&bgcolor=FFFFFF,3125800600101,【免洗餐具】自然風咖啡調味棒,35.0
免洗餐具,https://online.carrefour.com.tw/dw/image/v2/BFHC_PRD/on/demandware.static/-/Sites-carrefour-tw-m-inner/default/dw4040e944/images/large/0084505.jpeg?sw=300&bgcolor=FFFFFF,3124400100101,【免洗餐具】萬用PE手套(手扒雞手套),49.0
保鮮容器,https://online.carrefour.com.tw/on/demandware.static/-/Library-Sites-CarrefourTaiwanSharedLib/default/dw9f8cd3df/watermark/200x200-cvs.png-new.png,3142000300101,南亞美食鋁箔30cm*7.5M*2支,123.0
免洗餐具,https://online.carrefour.com.tw/dw/image/v2/BFHC_PRD/on/demandware.static/-/Sites-carrefour-tw-m-inner/default/dw3bff5b41/images/large/3125300100101_NR_00.jpg?sw=300&bgcolor=FFFFFF,3125300100101,【免洗餐具】免洗筷#666,36.0
BBQ烤肉器具,https://online.carrefour.com.tw/dw/image/v2/BFHC_PRD/on/demandware.static/-/Sites-carrefour-tw-m-inner/default/dw3c219682/images/large/31272002001.jpg?sw=300&bgcolor=FFFFFF,3127200200101,火種18入,20.0
BBQ烤肉器具,https://online.carrefour.com.tw/dw/image/v2/BFHC_PRD/on/demandware.static/-/Sites-carrefour-tw-m-inner/default/dw0b1ce68c/images/large/3126600200101_NR_00.jpg?sw=300&bgcolor=FFFFFF,3126600200101,【免洗餐具】竹串8寸,25.0
BBQ烤肉器具,https://online.carrefour.com.tw/dw/image/v2/BFHC_PRD/on/demandware.static/-/Sites-carrefour-tw-m-inner/default/dw14c804c5/images/large/3126800300101_NR_00.jpg?sw=300&bgcolor=FFFFFF,3126800300101,【烤肉用品】烤肉刷3入,19.0
BBQ烤肉器具,https://online.carrefour.com.tw/dw/image/v2/BFHC_PRD/on/demandware.static/-/Sites-carrefour-tw-m-inner/default/dw3d8db436/images/large/3126700200101_NR_00.jpg?sw=300&bgcolor=FFFFFF,3126700200101,【烤肉用品】烤肉夾3入,28.0
免洗餐具,https://online.carrefour.com.tw/dw/image/v2/BFHC_PRD/on/demandware.static/-/Sites-carrefour-tw-m-inner/default/dw17f5a29e/images/large/3124089900101_NR_00.jpg?sw=300&bgcolor=FFFFFF,3124089900101,【免洗餐具】優質大餐巾紙,55.0
保鮮容器,https://online.carrefour.com.tw/dw/image/v2/BFHC_PRD/on/demandware.static/-/Sites-carrefour-tw-m-inner/default/dw3066d929/images/large/31420025001-1.jpg?sw=300&bgcolor=FFFFFF,3142002500101,妙潔直火安心特級鋁箔-8M,67.0
BBQ烤肉器具,https://online.carrefour.com.tw/dw/image/v2/BFHC_PRD/on/demandware.static/-/Sites-carrefour-tw-m-inner/default/dwb635d884/images/large/0255728_-3.jpeg?sw=300&bgcolor=FFFFFF,3127101600101,【烤肉用品】高級木炭 3公斤,159.0
免洗餐具,https://online.carrefour.com.tw/dw/image/v2/BFHC_PRD/on/demandware.static/-/Sites-carrefour-tw-m-inner/default/dwb131bad4/images/large/3125300200101_NR_00.jpg?sw=300&bgcolor=FFFFFF,3125300200101,【免洗餐具】自然風超值免洗筷,20.0
免洗餐具,https://online.carrefour.com.tw/dw/image/v2/BFHC_PRD/on/demandware.static/-/Sites-carrefour-tw-m-inner/default/dw5e345fa9/images/large/31-236050-001-01.png?sw=300&bgcolor=FFFFFF,3123605000101,家福9盎司紙杯 (200入）,215.0
免洗餐具,https://online.carrefour.com.tw/dw/image/v2/BFHC_PRD/on/demandware.static/-/Sites-carrefour-tw-m-inner/default/dwef059812/images/large/31235913001.png?sw=300&bgcolor=FFFFFF,3123591300101,家福7盎司紙杯 (50入）,42.0
免洗餐具,https://online.carrefour.com.tw/dw/image/v2/BFHC_PRD/on/demandware.static/-/Sites-carrefour-tw-m-inner/default/dwa22c1bbd/images/large/3125800300101_NR_00.jpg?sw=300&bgcolor=FFFFFF,3125800300101,【免洗餐具】自然風紙包木質咖啡拌條,35.0
BBQ烤肉器具,https://online.carrefour.com.tw/dw/image/v2/BFHC_PRD/on/demandware.static/-/Sites-carrefour-tw-m-inner/default/dwe2113194/images/large/3127000200101_NR_00.jpg?sw=300&bgcolor=FFFFFF,3127000200101,【烤肉用品】特選袋裝木炭-1.2kg,59.0
免洗餐具,https://online.carrefour.com.tw/dw/image/v2/BFHC_PRD/on/demandware.static/-/Sites-carrefour-tw-m-inner/default/dw6d926025/images/large/0171354_9120.jpeg?sw=300&bgcolor=FFFFFF,3123603400101,【免洗餐具】沛旺9盎司冷熱飲紙杯120入,170.0
保鮮容器,https://online.carrefour.com.tw/on/demandware.static/-/Library-Sites-CarrefourTaiwanSharedLib/default/dw9f8cd3df/watermark/200x200-cvs.png-new.png,3142002900101,楓康耐高溫鋁箔8m,59.0
免洗餐具,https://online.carrefour.com.tw/dw/image/v2/BFHC_PRD/on/demandware.static/-/Sites-carrefour-tw-m-inner/default/dweecb6132/images/large/3121501300101_NR_00.jpg?sw=300&bgcolor=FFFFFF,3121501300101,【免洗餐具】自然風環保植纖飯碗(小)225ml-20入,36.0
免洗餐具,https://online.carrefour.com.tw/dw/image/v2/BFHC_PRD/on/demandware.static/-/Sites-carrefour-tw-m-inner/default/dwe87b4f54/images/large/3122501400101_NR_00.jpg?sw=300&bgcolor=FFFFFF,3122501400101,【免洗餐具】自然風環保植纖圓紙盤 7吋,30.0
保鮮容器,https://online.carrefour.com.tw/on/demandware.static/-/Library-Sites-CarrefourTaiwanSharedLib/default/dw9f8cd3df/watermark/200x200-cvs.png-new.png,3142002400101,OP無雙酚A鋁箔800cm,89.0
BBQ烤肉器具,https://online.carrefour.com.tw/on/demandware.static/-/Library-Sites-CarrefourTaiwanSharedLib/default/dw9f8cd3df/watermark/200x200-cvs.png-new.png,3146201600101,鋁箔容器-403便當深盤4入,78.0
保鮮容器,https://online.carrefour.com.tw/on/demandware.static/-/Library-Sites-CarrefourTaiwanSharedLib/default/dw9f8cd3df/watermark/200x200-cvs.png-new.png,3142002300101,OP安全無毒鋁箔380cm,45.0
免洗餐具,https://online.carrefour.com.tw/dw/image/v2/BFHC_PRD/on/demandware.static/-/Sites-carrefour-tw-m-inner/default/dw9186fce1/images/large/3125501000101_NR_00.jpg?sw=300&bgcolor=FFFFFF,3125501000101,【免洗餐具】塑包可彎吸管,29.0

免洗餐具,https://online.carrefour.com.tw/dw/image/v2/BFHC_PRD/on/demandware.static/-/Sites-carrefour-tw-m-inner/default/dw2d84aaf2/images/large/3125489900101_NR_00.jpg?sw=300&bgcolor=FFFFFF,3125489900101,【免洗餐具】耐熱塑膠袋-1斤,49.0
免洗餐具,https://online.carrefour.com.tw/dw/image/v2/BFHC_PRD/on/demandware.static/-/Sites-carrefour-tw-m-inner/default/dwd8c1e60e/images/large/31-235914-001-01.png?sw=300&bgcolor=FFFFFF,3123591400101,家福7盎司紙杯 (200入）,169.0
免洗餐具,https://online.carrefour.com.tw/dw/image/v2/BFHC_PRD/on/demandware.static/-/Sites-carrefour-tw-m-inner/default/dw8f81bbc8/images/large/0165283_65120.jpeg?sw=300&bgcolor=FFFFFF,3123590600101,【免洗餐具】沛旺6.5盎司冷熱飲紙杯120入,98.0
免洗餐具,https://online.carrefour.com.tw/dw/image/v2/BFHC_PRD/on/demandware.static/-/Sites-carrefour-tw-m-inner/default/dw2a3383b9/images/large/3125500600101_NR_00.jpg?sw=300&bgcolor=FFFFFF,3125500600101,【免洗餐具】自然風塑包透明直吸管,32.0
BBQ烤肉器具,https://online.carrefour.com.tw/dw/image/v2/BFHC_PRD/on/demandware.static/-/Sites-carrefour-tw-m-inner/default/dwdc6cdcf6/images/large/3127200100101_NR_00.jpg?sw=300&bgcolor=FFFFFF,3127200100101,【烤肉用品】熱鑽石大方塊火種,14.0
免洗餐具,https://online.carrefour.com.tw/dw/image/v2/BFHC_PRD/on/demandware.static/-/Sites-carrefour-tw-m-inner/default/dwcf6c44e7/images/large/3125300400101_NR_00.jpg?sw=300&bgcolor=FFFFFF,3125300400101,【免洗餐具】紙包日式圓筷,59.0
免洗餐具,https://online.carrefour.com.tw/dw/image/v2/BFHC_PRD/on/demandware.static/-/Sites-carrefour-tw-m-inner/default/dw6a9014d2/images/large/3125000300101_NR_01.jpg?sw=300&bgcolor=FFFFFF,3125000300101,【免洗餐具】西式塑膠湯匙,29.0
免洗餐具,https://online.carrefour.com.tw/dw/image/v2/BFHC_PRD/on/demandware.static/-/Sites-carrefour-tw-m-inner/default/dw9007ef84/images/large/0165400_960.jpeg?sw=300&bgcolor=FFFFFF,3123603300101,【免洗餐具】沛旺9盎司冷熱飲紙杯60入,90.0
BBQ烤肉器具,https://online.carrefour.com.tw/on/demandware.static/-/Library-Sites-CarrefourTaiwanSharedLib/default/dw9f8cd3df/watermark/200x200-cvs.png-new.png,3146200300101,鋁箔容器-231蛋糕盤5入,78.0
免洗餐具,https://online.carrefour.com.tw/dw/image/v2/BFHC_PRD/on/demandware.static/-/Sites-carrefour-tw-m-inner/default/dw18cd1043/images/large/0251521_-50.jpeg?sw=300&bgcolor=FFFFFF,3124400200101,【免洗餐具】手扒雞手套(50入)-包裝顏色隨機出貨,25.0
免洗餐具,https://online.carrefour.com.tw/dw/image/v2/BFHC_PRD/on/demandware.static/-/Sites-carrefour-tw-m-inner/default/dw8d7db7f1/images/large/3125100200101_NR_01.jpg?sw=300&bgcolor=FFFFFF,3125100200101,【免洗餐具】西式塑膠叉子,29.0
免洗餐具,https://online.carrefour.com.tw/dw/image/v2/BFHC_PRD/on/demandware.static/-/Sites-carrefour-tw-m-inner/default/dw6e663092/images/large/0206841_760.jpeg?sw=300&bgcolor=FFFFFF,3123590700101,【免洗餐具】沛旺7盎司冷熱飲紙杯60入,75.0
保鮮容器,https://online.carrefour.com.tw/dw/image/v2/BFHC_PRD/on/demandware.static/-/Sites-carrefour-tw-m-inner/default/dw8acbf32f/images/large/0165300_45cmx6m.jpeg?sw=300&bgcolor=FFFFFF,3142001700101,楓康鋁箔45cmx6m,89.0
免洗餐具,https://online.carrefour.com.tw/dw/image/v2/BFHC_PRD/on/demandware.static/-/Sites-carrefour-tw-m-inner/default/dw8e9954ec/images/large/3122601700101_NR_00.jpg?sw=300&bgcolor=FFFFFF,3122601700101,【免洗餐具】自然風環保植纖圓紙盤 8吋,43.0
BBQ烤肉器具,https://online.carrefour.com.tw/dw/image/v2/BFHC_PRD/on/demandware.static/-/Sites-carrefour-tw-m-inner/default/dw5dbd2836/images/large/3127200300101_NR_00.jpg?sw=300&bgcolor=FFFFFF,3127200300101,【烤肉用品】火種-30粒,21.0
保鮮容器,https://online.carrefour.com.tw/on/demandware.static/-/Library-Sites-CarrefourTaiwanSharedLib/default/dw9f8cd3df/watermark/200x200-cvs.png-new.png,3142002700101,OP無雙酚A鋁箔1500cm,125.0
免洗餐具,https://online.carrefour.com.tw/dw/image/v2/BFHC_PRD/on/demandware.static/-/Sites-carrefour-tw-m-inner/default/dwcfbeaea7/images/large/31236051001.png?sw=300&bgcolor=FFFFFF,3123605100101,家福9盎司紙杯 (50入）,59.0
免洗餐具,https://online.carrefour.com.tw/dw/image/v2/BFHC_PRD/on/demandware.static/-/Sites-carrefour-tw-m-inner/default/dwc0dd1f5f/images/large/3122601600101_NR_00.jpg?sw=300&bgcolor=FFFFFF,3122601600101,【免洗餐具】自然風環保植纖圓紙盤 9吋,49.0
BBQ烤肉器具,https://online.carrefour.com.tw/dw/image/v2/BFHC_PRD/on/demandware.static/-/Sites-carrefour-tw-m-inner/default/dw45322fc1/images/large/3127100300101_NR_00.jpg?sw=300&bgcolor=FFFFFF,3127100300101,【烤肉用品】環保椰子炭,69.0
免洗餐具,https://online.carrefour.com.tw/dw/image/v2/BFHC_PRD/on/demandware.static/-/Sites-carrefour-tw-m-inner/default/dwdfa58da5/images/large/3121401000101_NR_00.jpg?sw=300&bgcolor=FFFFFF,3121401000101,【免洗餐具】自然風環保植纖湯碗350ml,51.0
免洗餐具,https://online.carrefour.com.tw/dw/image/v2/BFHC_PRD/on/demandware.static/-/Sites-carrefour-tw-m-inner/default/dw509cd8b4/images/large/0084508.jpeg?sw=300&bgcolor=FFFFFF,3125789900101,【免洗餐具】簡約食尚水果叉,63.0
BBQ烤肉器具,https://online.carrefour.com.tw/on/demandware.static/-/Library-Sites-CarrefourTaiwanSharedLib/default/dw9f8cd3df/watermark/200x200-cvs.png-new.png,3146201400101,鋁箔容器-411方盤4入,78.0
免洗餐具,https://online.carrefour.com.tw/dw/image/v2/BFHC_PRD/on/demandware.static/-/Sites-carrefour-tw-m-inner/default/dw8b617971/images/large/3125600200101_NR_00.jpg?sw=300&bgcolor=FFFFFF,3125600200101,【免洗餐具】自然風罐裝牙籤,21.0
免洗餐具,https://online.carrefour.com.tw/dw/image/v2/BFHC_PRD/on/demandware.static/-/Sites-carrefour-tw-m-inner/default/dw18432cca/images/large/0206838_6560.jpeg?sw=300&bgcolor=FFFFFF,3123590500101,【安心價】沛旺6.5盎司冷熱飲紙杯60入,52.0

免洗餐具,https://online.carrefour.com.tw/dw/image/v2/BFHC_PRD/on/demandware.static/-/Sites-carrefour-tw-m-inner/default/dw1b79e605/images/large/3125600800101_NR_00.jpg?sw=300&bgcolor=FFFFFF,3125600800101,【免洗餐具】袋裝雙頭牙籤5包入,59.0
免洗餐具,https://online.carrefour.com.tw/dw/image/v2/BFHC_PRD/on/demandware.static/-/Sites-carrefour-tw-m-inner/default/dwb78570e0/images/large/3121501200101_NR_00.jpg?sw=300&bgcolor=FFFFFF,3121501200101,【免洗餐具】自然風環保植纖飯碗(大)500ml,43.0
免洗餐具,https://online.carrefour.com.tw/dw/image/v2/BFHC_PRD/on/demandware.static/-/Sites-carrefour-tw-m-inner/default/dw2dc08d1e/images/large/3122400100101_NR_00.jpg?sw=300&bgcolor=FFFFFF,3122400100101,【免洗餐具】塑膠免洗大橢圓盤(121),52.0
免洗餐具,https://online.carrefour.com.tw/dw/image/v2/BFHC_PRD/on/demandware.static/-/Sites-carrefour-tw-m-inner/default/dw7b3ce060/images/large/0171358_7120.jpeg?sw=300&bgcolor=FFFFFF,3123590400101,【免洗餐具】沛旺7盎司冷熱飲紙杯120入,142.0
免洗餐具,https://online.carrefour.com.tw/dw/image/v2/BFHC_PRD/on/demandware.static/-/Sites-carrefour-tw-m-inner/default/dwc9806935/images/large/31166025001-1.jpg?sw=300&bgcolor=FFFFFF,3116602500101,楓康環保可分解竹吸管(細),55.0
免洗餐具,https://online.carrefour.com.tw/dw/image/v2/BFHC_PRD/on/demandware.static/-/Sites-carrefour-tw-m-inner/default/dw5acd44a2/images/large/3123889900101_NR_00.jpg?sw=300&bgcolor=FFFFFF,3123889900101,【免洗餐具】自然風PP冷熱兩用水晶杯,31.0
BBQ烤肉器具,https://online.carrefour.com.tw/dw/image/v2/BFHC_PRD/on/demandware.static/-/Sites-carrefour-tw-m-inner/default/dwdeda58e2/images/large/0224734_9.png?sw=300&bgcolor=FFFFFF,3126701700101,【烤肉用品】全鋼9寸料理夾SPE,79.0
BBQ烤肉器具,https://online.carrefour.com.tw/dw/image/v2/BFHC_PRD/on/demandware.static/-/Sites-carrefour-tw-m-inner/default/dw05e9d0a9/images/large/0186658_304-38cm.jpeg?sw=300&bgcolor=FFFFFF,3126404100101,【烤肉用品】#304白金格紋附耳烤網(小)-38CM,169.0
免洗餐具,https://online.carrefour.com.tw/dw/image/v2/BFHC_PRD/on/demandware.static/-/Sites-carrefour-tw-m-inner/default/dwbd23cc2e/images/large/0090441.jpeg?sw=300&bgcolor=FFFFFF,3115000600101,日式高腳醬油碟,24.0
免洗餐具,https://online.carrefour.com.tw/dw/image/v2/BFHC_PRD/on/demandware.static/-/Sites-carrefour-tw-m-inner/default/dw2c2cf46c/images/large/0090440.jpeg?sw=300&bgcolor=FFFFFF,3115000300101,日式醬油碟,14.0
BBQ烤肉器具,https://online.carrefour.com.tw/dw/image/v2/BFHC_PRD/on/demandware.static/-/Sites-carrefour-tw-m-inner/default/dw4f53fe31/images/large/3127100900101_NR_00.jpg?sw=300&bgcolor=FFFFFF,3127100900101,【烤肉用品】自然風環保炭3.6公斤,164.0
免洗餐具,https://online.carrefour.com.tw/dw/image/v2/BFHC_PRD/on/demandware.static/-/Sites-carrefour-tw-m-inner/default/dw914c748c/images/large/3125400900101_NR_00.jpg?sw=300&bgcolor=FFFFFF,3125400900101,【免洗餐具】背心袋(2斤),49.0
BBQ烤肉器具,https://online.carrefour.com.tw/dw/image/v2/BFHC_PRD/on/demandware.static/-/Sites-carrefour-tw-m-inner/default/dw31790047/images/large/3127000600101_NR_00.jpg?sw=300&bgcolor=FFFFFF,3127000600101,【烤肉用品】自然風環保椰子炭超值包-2kg,112.0
免洗餐具,https://online.carrefour.com.tw/dw/image/v2/BFHC_PRD/on/demandware.static/-/Sites-carrefour-tw-m-inner/default/dw33ab4773/images/large/0186206_520.jpeg?sw=300&bgcolor=FFFFFF,3121400200101,【免洗餐具】食尚達人特選520湯杯組,49.0
免洗餐具,https://online.carrefour.com.tw/dw/image/v2/BFHC_PRD/on/demandware.static/-/Sites-carrefour-tw-m-inner/default/dw4d9d866e/images/large/3121100400101_NR_00.jpg?sw=300&bgcolor=FFFFFF,3121100400101,【免洗餐具】塑膠免洗4吋湯碗(106),32.0
免洗餐具,https://online.carrefour.com.tw/dw/image/v2/BFHC_PRD/on/demandware.static/-/Sites-carrefour-tw-m-inner/default/dw59719a90/images/large/3124000200101_NR_00.jpg?sw=300&bgcolor=FFFFFF,3124000200101,【免洗餐具】自然風餐巾紙,8.0
BBQ烤肉器具,https://online.carrefour.com.tw/dw/image/v2/BFHC_PRD/on/demandware.static/-/Sites-carrefour-tw-m-inner/default/dw9235a049/images/large/3126404300101_NR_00.jpg?sw=300&bgcolor=FFFFFF,3126404300101,【烤肉用品】自然風316不鏽鋼圓形烤網42cm,265.0
BBQ烤肉器具,https://online.carrefour.com.tw/on/demandware.static/-/Library-Sites-CarrefourTaiwanSharedLib/default/dw9f8cd3df/watermark/200x200-cvs.png-new.png,3146205700101,烘焙深盤(6入),99.0
BBQ烤肉器具,https://online.carrefour.com.tw/dw/image/v2/BFHC_PRD/on/demandware.static/-/Sites-carrefour-tw-m-inner/default/dwda239224/images/large/3127000700101_NR_00.jpg?sw=300&bgcolor=FFFFFF,3127000700101,【烤肉用品】自然風環保高效能精製炭-0.6kg,59.0
保鮮容器,https://online.carrefour.com.tw/dw/image/v2/BFHC_PRD/on/demandware.static/-/Sites-carrefour-tw-m-inner/default/dwc149a01b/images/large/31420021001.jpg?sw=300&bgcolor=FFFFFF,3142002100101,楓康 吳羽不沾黏鋁箔 1個,69.0
免洗餐具,https://online.carrefour.com.tw/dw/image/v2/BFHC_PRD/on/demandware.static/-/Sites-carrefour-tw-m-inner/default/dw7ab96c97/images/large/3122800500101_NR_00.jpg?sw=300&bgcolor=FFFFFF,3122800500101,【免洗餐具】自然風環保植纖橢圓小紙盤,45.0
BBQ烤肉器具,https://online.carrefour.com.tw/dw/image/v2/BFHC_PRD/on/demandware.static/-/Sites-carrefour-tw-m-inner/default/dw912475f0/images/large/3127402200101_NR_00.jpg?sw=300&bgcolor=FFFFFF,3127402200101,軟火電子點火槍,49.0
免洗餐具,https://online.carrefour.com.tw/dw/image/v2/BFHC_PRD/on/demandware.static/-/Sites-carrefour-tw-m-inner/default/dwfb1d35dd/images/large/0260387_200cc-50.jpeg?sw=300&bgcolor=FFFFFF,3123100200101,【免洗餐具】塑膠PP飲料杯200cc 50入,89.0
BBQ烤肉器具,https://online.carrefour.com.tw/dw/image/v2/BFHC_PRD/on/demandware.static/-/Sites-carrefour-tw-m-inner/default/dwf122383a/images/large/3127000800101_NR_00.jpg?sw=300&bgcolor=FFFFFF,3127000800101,【烤肉用品】自然風特選燒烤專用炭精1.8kg,147.0

免洗餐具,https://online.carrefour.com.tw/dw/image/v2/BFHC_PRD/on/demandware.static/-/Sites-carrefour-tw-m-inner/default/dw8636c604/images/large/3121200400101_NR_00.jpg?sw=300&bgcolor=FFFFFF,3121200400101,【免洗餐具】塑膠免洗4.5吋飯碗(102),42.0
免洗餐具,https://online.carrefour.com.tw/dw/image/v2/BFHC_PRD/on/demandware.static/-/Sites-carrefour-tw-m-inner/default/dw5c98f94a/images/large/3121300200101_NR_00.jpg?sw=300&bgcolor=FFFFFF,3121300200101,【免洗餐具】107塑膠免洗大碗,40.0
BBQ烤肉器具,https://online.carrefour.com.tw/on/demandware.static/-/Library-Sites-CarrefourTaiwanSharedLib/default/dw9f8cd3df/watermark/200x200-cvs.png-new.png,3146205600101,燒烤盤(4入),99.0
保鮮容器,https://online.carrefour.com.tw/dw/image/v2/BFHC_PRD/on/demandware.static/-/Sites-carrefour-tw-m-inner/default/dw79d82fa4/images/large/31420028001.png?sw=300&bgcolor=FFFFFF,3142002800101,家樂福鋁箔20M,95.0
免洗餐具,https://online.carrefour.com.tw/dw/image/v2/BFHC_PRD/on/demandware.static/-/Sites-carrefour-tw-m-inner/default/dwe6e7cf6d/images/large/3125800400101_NR_00.jpg?sw=300&bgcolor=FFFFFF,3125800400101,【免洗餐具】自然風罐裝木質咖啡調棒,55.0
免洗餐具,https://online.carrefour.com.tw/dw/image/v2/BFHC_PRD/on/demandware.static/-/Sites-carrefour-tw-m-inner/default/dwcc89ab4e/images/large/3125400100101_NR_00.jpg?sw=300&bgcolor=FFFFFF,3125400100101,【免洗餐具】耐熱塑膠袋-半斤,49.0
免洗餐具,https://online.carrefour.com.tw/dw/image/v2/BFHC_PRD/on/demandware.static/-/Sites-carrefour-tw-m-inner/default/dw1fb5db6c/images/large/0186205_390.jpeg?sw=300&bgcolor=FFFFFF,3121400100101,【免洗餐具】食尚達人特選390湯杯組,42.0
BBQ烤肉器具,https://online.carrefour.com.tw/dw/image/v2/BFHC_PRD/on/demandware.static/-/Sites-carrefour-tw-m-inner/default/dw8c0cc1df/images/large/3126401900101_NR_00.jpg?sw=300&bgcolor=FFFFFF,3126401900101,【烤肉用品】日式雙耳波浪網,46.0
BBQ烤肉器具,https://online.carrefour.com.tw/on/demandware.static/-/Library-Sites-CarrefourTaiwanSharedLib/default/dw9f8cd3df/watermark/200x200-cvs.png-new.png,3146201500101,鋁箔容器-126蛋糕圓盤5入,78.0
免洗餐具,https://online.carrefour.com.tw/dw/image/v2/BFHC_PRD/on/demandware.static/-/Sites-carrefour-tw-m-inner/default/dw4372edaf/images/large/3122200200101_NR_00.jpg?sw=300&bgcolor=FFFFFF,3122200200101,【免洗餐具】109塑膠免洗圓盤,38.0
BBQ烤肉器具,https://online.carrefour.com.tw/dw/image/v2/BFHC_PRD/on/demandware.static/-/Sites-carrefour-tw-m-inner/default/dw54b2c60a/images/large/3127100700101_NR_00.jpg?sw=300&bgcolor=FFFFFF,3127100700101,【烤肉用品】自然風環保炭7公斤重量包,318.0
免洗餐具,https://online.carrefour.com.tw/dw/image/v2/BFHC_PRD/on/demandware.static/-/Sites-carrefour-tw-m-inner/default/dw95baa060/images/large/3122700900101_NR_00.jpg?sw=300&bgcolor=FFFFFF,3122700900101,【免洗餐具】自然風環保植纖圓紙盤10吋,52.0
免洗餐具,https://online.carrefour.com.tw/dw/image/v2/BFHC_PRD/on/demandware.static/-/Sites-carrefour-tw-m-inner/default/dwa1037310/images/large/3122200100101_NR_00.jpg?sw=300&bgcolor=FFFFFF,3122200100101,【免洗餐具】塑膠免洗12吋大圓盤(125),68.0
免洗餐具,https://online.carrefour.com.tw/dw/image/v2/BFHC_PRD/on/demandware.static/-/Sites-carrefour-tw-m-inner/default/dw1534a68b/images/large/0186207_750.jpeg?sw=300&bgcolor=FFFFFF,3121400900101,【免洗餐具】食尚達人特選750湯杯組,60.0
BBQ烤肉器具,https://online.carrefour.com.tw/dw/image/v2/BFHC_PRD/on/demandware.static/-/Sites-carrefour-tw-m-inner/default/dwee91d58d/images/large/3127300200101_NR_00.jpg?sw=300&bgcolor=FFFFFF,3127300200101,【烤肉用品】自然風免火種燒烤專用炭,85.0
BBQ烤肉器具,https://online.carrefour.com.tw/dw/image/v2/BFHC_PRD/on/demandware.static/-/Sites-carrefour-tw-m-inner/default/dw2eaa6f93/images/large/3126401000101_NR_00.jpg?sw=300&bgcolor=FFFFFF,3126401000101,【烤肉用品】自然風不鏽鋼菱形烤網,99.0
料理小道具,https://online.carrefour.com.tw/on/demandware.static/-/Library-Sites-CarrefourTaiwanSharedLib/default/dw9f8cd3df/watermark/200x200-cvs.png-new.png,3145305000101,GGOMi韓國燒肉夾,39.0
BBQ烤肉器具,https://online.carrefour.com.tw/dw/image/v2/BFHC_PRD/on/demandware.static/-/Sites-carrefour-tw-m-inner/default/dw5d6c0790/images/large/31462058001-1.jpg?sw=300&bgcolor=FFFFFF,3146205800101,烤箱盤(6入),94.0
BBQ烤肉器具,https://online.carrefour.com.tw/dw/image/v2/BFHC_PRD/on/demandware.static/-/Sites-carrefour-tw-m-inner/default/dwebb654e1/images/large/31264066001.jpg?sw=300&bgcolor=FFFFFF,3126406600101,日光生活烤肉網,59.0
BBQ烤肉器具,https://online.carrefour.com.tw/dw/image/v2/BFHC_PRD/on/demandware.static/-/Sites-carrefour-tw-m-inner/default/dwf78f1c5a/images/large/3126900400101_NR_00.jpg?sw=300&bgcolor=FFFFFF,3126900400101,【烤肉用品】自然風正304不鏽鋼串燒烤針30cm,96.0
BBQ烤肉器具,https://online.carrefour.com.tw/dw/image/v2/BFHC_PRD/on/demandware.static/-/Sites-carrefour-tw-m-inner/default/dw1c2ba01b/images/large/31261065001.jpg?sw=300&bgcolor=FFFFFF,3126106500101,七里香不鏽鋼簡易型烤肉架,99.0
BBQ烤肉器具,https://online.carrefour.com.tw/dw/image/v2/BFHC_PRD/on/demandware.static/-/Sites-carrefour-tw-m-inner/default/dw82220400/images/large/3127400800101_NR_00.jpg?sw=300&bgcolor=FFFFFF,3127400800101,【烤肉用品】防風點火槍,69.0
BBQ烤肉器具,https://online.carrefour.com.tw/dw/image/v2/BFHC_PRD/on/demandware.static/-/Sites-carrefour-tw-m-inner/default/dw7a2ccc3c/images/large/31261063001-1.jpg?sw=300&bgcolor=FFFFFF,3126106300101,日光生活戶外野營烤肉架,419.0
免洗餐具,https://online.carrefour.com.tw/dw/image/v2/BFHC_PRD/on/demandware.static/-/Sites-carrefour-tw-m-inner/default/dwf25a6f01/images/large/0167310_200cc-25.jpeg?sw=300&bgcolor=FFFFFF,3123100400101,【免洗餐具】200CC航空杯 25入,74.0

BBQ烤肉器具,https://online.carrefour.com.tw/dw/image/v2/BFHC_PRD/on/demandware.static/-/Sites-carrefour-tw-m-inner/default/dwef716d69/images/large/3126901700101_NR_00.jpg?sw=300&bgcolor=FFFFFF,3126901700101,【烤肉用品】燒烤網清潔專用銅刷(Y型),75.0
免洗餐具,https://online.carrefour.com.tw/dw/image/v2/BFHC_PRD/on/demandware.static/-/Sites-carrefour-tw-m-inner/default/dw7968794b/images/large/3115404600101-1.jpg?sw=300&bgcolor=FFFFFF,3115404600101,不鏽鋼密封隔熱碗1200ml-顏色隨機出貨,349.0
BBQ烤肉器具,https://online.carrefour.com.tw/dw/image/v2/BFHC_PRD/on/demandware.static/-/Sites-carrefour-tw-m-inner/default/dwbc233440/images/large/0038983_94.jpeg?sw=300&bgcolor=FFFFFF,3126103700101,【烤肉用品】94烤不鏽鋼高腳烤肉架,899.0
免洗餐具,https://online.carrefour.com.tw/dw/image/v2/BFHC_PRD/on/demandware.static/-/Sites-carrefour-tw-m-inner/default/dw9d17df01/images/large/31214015001.png?sw=300&bgcolor=FFFFFF,3121401500101,家樂福植纖免洗碗350ml,50.0
免洗餐具,https://online.carrefour.com.tw/dw/image/v2/BFHC_PRD/on/demandware.static/-/Sites-carrefour-tw-m-inner/default/dwf69d4de5/images/large/31227014001.png?sw=300&bgcolor=FFFFFF,3122701400101,家樂福植纖圓紙盤10吋,50.0
免洗餐具,https://online.carrefour.com.tw/dw/image/v2/BFHC_PRD/on/demandware.static/-/Sites-carrefour-tw-m-inner/default/dw29b80640/images/large/31236052001.png?sw=300&bgcolor=FFFFFF,3123605200101,家樂福優質9盎司紙杯(12入）,30.0
免洗餐具,https://online.carrefour.com.tw/dw/image/v2/BFHC_PRD/on/demandware.static/-/Sites-carrefour-tw-m-inner/default/dw42e323ec/images/large/31226024001.png?sw=300&bgcolor=FFFFFF,3122602400101,家樂福植纖圓紙盤9吋,50.0
免洗餐具,https://online.carrefour.com.tw/dw/image/v2/BFHC_PRD/on/demandware.static/-/Sites-carrefour-tw-m-inner/default/dwedf7511b/images/large/31225021001.png?sw=300&bgcolor=FFFFFF,3122502100101,家樂福植纖圓紙盤7吋,50.0
免洗餐具,https://online.carrefour.com.tw/dw/image/v2/BFHC_PRD/on/demandware.static/-/Sites-carrefour-tw-m-inner/default/dw5ade4389/images/large/31215021001.png?sw=300&bgcolor=FFFFFF,3121502100101,家樂福植纖免洗碗500ml,50.0
BBQ烤肉器具,https://online.carrefour.com.tw/dw/image/v2/BFHC_PRD/on/demandware.static/-/Sites-carrefour-tw-m-inner/default/dwe90f37f7/images/large/3126600300101_NR_00.jpg?sw=300&bgcolor=FFFFFF,3126600300101,【免洗餐具】自然風鐵砲竹串,27.0
免洗餐具,https://online.carrefour.com.tw/on/demandware.static/-/Library-Sites-CarrefourTaiwanSharedLib/default/dw9f8cd3df/watermark/200x200-cvs.png-new.png,3125490500101,樂扣野餐餐具組  21件組,699.0
免洗餐具,https://online.carrefour.com.tw/dw/image/v2/BFHC_PRD/on/demandware.static/-/Sites-carrefour-tw-m-inner/default/dwd05b14a1/images/large/0090450.jpeg?sw=300&bgcolor=FFFFFF,3115401700101,日式好吃湯碗,52.0
免洗餐具,https://online.carrefour.com.tw/dw/image/v2/BFHC_PRD/on/demandware.static/-/Sites-carrefour-tw-m-inner/default/dwc74dcb51/images/large/0090457_33cm.jpeg?sw=300&bgcolor=FFFFFF,3115601100101,日式長方盤(33cm),149.0
免洗餐具,https://online.carrefour.com.tw/dw/image/v2/BFHC_PRD/on/demandware.static/-/Sites-carrefour-tw-m-inner/default/dwbf949143/images/large/3122900400101_NR_00.jpg?sw=300&bgcolor=FFFFFF,3122900400101,【免洗餐具】自然風環保植纖橢圓大紙盤,52.0
免洗餐具,https://online.carrefour.com.tw/dw/image/v2/BFHC_PRD/on/demandware.static/-/Sites-carrefour-tw-m-inner/default/dw3edc4b8f/images/large/0227761_12.jpeg?sw=300&bgcolor=FFFFFF,3123600900101,【免洗餐具】簡約食尚12盎司咖啡紙杯附蓋,65.0
免洗餐具,https://online.carrefour.com.tw/dw/image/v2/BFHC_PRD/on/demandware.static/-/Sites-carrefour-tw-m-inner/default/dwd9020d4f/images/large/0090442_-10.jpeg?sw=300&bgcolor=FFFFFF,3115200800101,日式 10吋圓盤,119.0
免洗餐具,https://online.carrefour.com.tw/dw/image/v2/BFHC_PRD/on/demandware.static/-/Sites-carrefour-tw-m-inner/default/dw11be1c77/images/large/0114591_-.jpeg?sw=300&bgcolor=FFFFFF,3115402200101,米奇可愛湯碗,74.0
BBQ烤肉器具,https://online.carrefour.com.tw/dw/image/v2/BFHC_PRD/on/demandware.static/-/Sites-carrefour-tw-m-inner/default/dwe9cb6a9f/images/large/31260003001.jpg?sw=300&bgcolor=FFFFFF,3126000400101,韓式不沾煎烤盤附柄 IH-30cm,429.0
BBQ烤肉器具,https://online.carrefour.com.tw/dw/image/v2/BFHC_PRD/on/demandware.static/-/Sites-carrefour-tw-m-inner/default/dw228c52f0/images/large/0224736_7.png?sw=300&bgcolor=FFFFFF,3126702000101,【烤肉用品】全鋼7寸料理夾,69.0
免洗餐具,https://online.carrefour.com.tw/dw/image/v2/BFHC_PRD/on/demandware.static/-/Sites-carrefour-tw-m-inner/default/dwc9ffbabd/images/large/0090449_22cm.jpeg?sw=300&bgcolor=FFFFFF,3115400700101,日式拉麵碗(22cm),139.0
BBQ烤肉器具,https://online.carrefour.com.tw/dw/image/v2/BFHC_PRD/on/demandware.static/-/Sites-carrefour-tw-m-inner/default/dwa15701af/images/large/0188504_3693.jpeg?sw=300&bgcolor=FFFFFF,3146201000101,鋁箔容器-369大火鍋鼎3入,118.0
BBQ烤肉器具,https://online.carrefour.com.tw/dw/image/v2/BFHC_PRD/on/demandware.static/-/Sites-carrefour-tw-m-inner/default/dw6e752655/images/large/0187577.jpeg?sw=300&bgcolor=FFFFFF,3127402000101,御膳坊多用途噴火槍,599.0
免洗餐具,https://online.carrefour.com.tw/dw/image/v2/BFHC_PRD/on/demandware.static/-/Sites-carrefour-tw-m-inner/default/dw0694636c/images/large/3120100300101_NR_00.jpg?sw=300&bgcolor=FFFFFF,3120100300101,【免洗餐具】自然風紙餐盒,46.0
免洗餐具,https://online.carrefour.com.tw/dw/image/v2/BFHC_PRD/on/demandware.static/-/Sites-carrefour-tw-m-inner/default/dw6ee88af6/images/large/0090455_-10.jpeg?sw=300&bgcolor=FFFFFF,3115600500101,日式 10吋腰只盤,99.0

免洗餐具,https://online.carrefour.com.tw/dw/image/v2/BFHC_PRD/on/demandware.static/-/Sites-carrefour-tw-m-inner/default/dwd1a4bda3/images/large/3125600400101_NR_00.jpg?sw=300&bgcolor=FFFFFF,3125600400101,【免洗餐具】便利罐牙籤,29.0
免洗餐具,https://online.carrefour.com.tw/dw/image/v2/BFHC_PRD/on/demandware.static/-/Sites-carrefour-tw-m-inner/default/dw647eedc1/images/large/3125600500101_NR_00.jpg?sw=300&bgcolor=FFFFFF,3125600500101,【免洗餐具】紙包牙籤,29.0
免洗餐具,https://online.carrefour.com.tw/dw/image/v2/BFHC_PRD/on/demandware.static/-/Sites-carrefour-tw-m-inner/default/dw6a7f2644/images/large/31166026001-1.jpg?sw=300&bgcolor=FFFFFF,3116602600101,楓康環保可分解竹吸管(粗),55.0
BBQ烤肉器具,https://online.carrefour.com.tw/dw/image/v2/BFHC_PRD/on/demandware.static/-/Sites-carrefour-tw-m-inner/default/dw9eb77412/images/large/3126900500101_NR_00.jpg?sw=300&bgcolor=FFFFFF,3126900500101,【烤肉用品】自然風正304不鏽鋼串燒烤針25cm,88.0
BBQ烤肉器具,https://online.carrefour.com.tw/dw/image/v2/BFHC_PRD/on/demandware.static/-/Sites-carrefour-tw-m-inner/default/dw7991c703/images/large/3126007300101.jpg?sw=300&bgcolor=FFFFFF,3126007300101,七里香卡式爐專用燒烤烤盤,269.0
BBQ烤肉器具,https://online.carrefour.com.tw/dw/image/v2/BFHC_PRD/on/demandware.static/-/Sites-carrefour-tw-m-inner/default/dw58feb589/images/large/3126007000101.jpg?sw=300&bgcolor=FFFFFF,3126007000101,妙管家韓式方形燒烤盤,539.0
BBQ烤肉器具,https://online.carrefour.com.tw/dw/image/v2/BFHC_PRD/on/demandware.static/-/Sites-carrefour-tw-m-inner/default/dwd1e124c8/images/large/3126400100101_NR_00.jpg?sw=300&bgcolor=FFFFFF,3126400100101,【烤肉用品】自然風木柄雙合烤網-中,109.0
BBQ烤肉器具,https://online.carrefour.com.tw/dw/image/v2/BFHC_PRD/on/demandware.static/-/Sites-carrefour-tw-m-inner/default/dw7b2e4184/images/large/3126007800101_NR_00.jpg?sw=300&bgcolor=FFFFFF,3126007800101,碳鋼低脂燒烤盤,699.0
免洗餐具,https://online.carrefour.com.tw/dw/image/v2/BFHC_PRD/on/demandware.static/-/Sites-carrefour-tw-m-inner/default/dw331e5bf1/images/large/3123601900101_NR_00.jpg?sw=300&bgcolor=FFFFFF,3123601900101,【免洗餐具】自然風9oz紙杯+置杯套,76.0
免洗餐具,https://online.carrefour.com.tw/dw/image/v2/BFHC_PRD/on/demandware.static/-/Sites-carrefour-tw-m-inner/default/dw69a7ccbe/images/large/0187568_850.jpeg?sw=300&bgcolor=FFFFFF,3121400300101,【免洗餐具】食尚達人特選850cc湯杯組,68.0
免洗餐具,https://online.carrefour.com.tw/dw/image/v2/BFHC_PRD/on/demandware.static/-/Sites-carrefour-tw-m-inner/default/dw1a0dae18/images/large/3123500200101_NR_00.jpg?sw=300&bgcolor=FFFFFF,3123500200101,【免洗餐具】70Z日式紙杯 205c.c.,115.0
BBQ烤肉器具,https://online.carrefour.com.tw/dw/image/v2/BFHC_PRD/on/demandware.static/-/Sites-carrefour-tw-m-inner/default/dwd24eb3f2/images/large/3126007200101.png?sw=300&bgcolor=FFFFFF,3126007200101,ASD牛排紋不沾烤盤28cm,1280.0
BBQ烤肉器具,https://online.carrefour.com.tw/dw/image/v2/BFHC_PRD/on/demandware.static/-/Sites-carrefour-tw-m-inner/default/dwfbc469b7/images/large/3126007500101-2.jpg?sw=300&bgcolor=FFFFFF,3126007500101,韓式全方位煎烤盤(適用電磁爐),559.0
BBQ烤肉器具,https://online.carrefour.com.tw/dw/image/v2/BFHC_PRD/on/demandware.static/-/Sites-carrefour-tw-m-inner/default/dw5ff9ccad/images/large/3126400300101_NR_00.jpg?sw=300&bgcolor=FFFFFF,3126400300101,【烤肉用品】自然風木柄雙合烤魚網-大,89.0
免洗餐具,https://online.carrefour.com.tw/dw/image/v2/BFHC_PRD/on/demandware.static/-/Sites-carrefour-tw-m-inner/default/dw5236ef6d/images/large/0248103_8oz10.jpeg?sw=300&bgcolor=FFFFFF,3123500300101,【免洗餐具】發笑杯附蓋10入-8oz,79.0
免洗餐具,https://online.carrefour.com.tw/dw/image/v2/BFHC_PRD/on/demandware.static/-/Sites-carrefour-tw-m-inner/default/dw5d953887/images/large/0133156_cars2-.jpeg?sw=300&bgcolor=FFFFFF,3115404300101,CARS2 雙耳湯碗,65.0
BBQ烤肉器具,https://online.carrefour.com.tw/dw/image/v2/BFHC_PRD/on/demandware.static/-/Sites-carrefour-tw-m-inner/default/dw33d8d2de/images/large/0175486_3623.jpeg?sw=300&bgcolor=FFFFFF,3146200100101,鋁箔容器-362火鍋鼎3入,78.0
BBQ烤肉器具,https://online.carrefour.com.tw/dw/image/v2/BFHC_PRD/on/demandware.static/-/Sites-carrefour-tw-m-inner/default/dw6961f003/images/large/3126000600201.jpg?sw=300&bgcolor=FFFFFF,3126000600201,COTD超完美韓式烤盤38公分-白色<實際出貨不含瓦斯爐>,1280.0
免洗餐具,https://online.carrefour.com.tw/dw/image/v2/BFHC_PRD/on/demandware.static/-/Sites-carrefour-tw-m-inner/default/dw7d814321/images/large/0120427_12oz10.jpeg?sw=300&bgcolor=FFFFFF,3123500100101,【免洗餐具】發笑杯附蓋-12oz-10入,89.0
免洗餐具,https://online.carrefour.com.tw/dw/image/v2/BFHC_PRD/on/demandware.static/-/Sites-carrefour-tw-m-inner/default/dwfb20a765/images/large/3122000100101_NR_00.jpg?sw=300&bgcolor=FFFFFF,3122000100101,【免洗餐具】110塑膠免洗小圓盤,40.0
免洗餐具,https://online.carrefour.com.tw/dw/image/v2/BFHC_PRD/on/demandware.static/-/Sites-carrefour-tw-m-inner/default/dw25b64baf/images/large/0260314_960ml.jpeg?sw=300&bgcolor=FFFFFF,3121100300101,【免洗餐具】維基微波透明免洗萬用杯960ml,79.0
免洗餐具,https://online.carrefour.com.tw/dw/image/v2/BFHC_PRD/on/demandware.static/-/Sites-carrefour-tw-m-inner/default/dw0c93abc9/images/large/0090445.jpeg?sw=300&bgcolor=FFFFFF,3115301700101,日式南京碗,35.0
BBQ烤肉器具,https://online.carrefour.com.tw/dw/image/v2/BFHC_PRD/on/demandware.static/-/Sites-carrefour-tw-m-inner/default/dw6c230b16/images/large/3126600100101_NR_00.jpg?sw=300&bgcolor=FFFFFF,3126600100101,【烤肉用品】自然風玉米竹串,29.0
BBQ烤肉器具,https://online.carrefour.com.tw/dw/image/v2/BFHC_PRD/on/demandware.static/-/Sites-carrefour-tw-m-inner/default/dw23c419d3/images/large/0122726.jpeg?sw=300&bgcolor=FFFFFF,3126003500101,妙管家和風大烤盤,599.0

免洗餐具,https://online.carrefour.com.tw/dw/image/v2/BFHC_PRD/on/demandware.static/-/Sites-carrefour-tw-m-inner/default/dw95e041f1/images/large/0137331_304.jpeg?sw=300&bgcolor=FFFFFF,3125501100101,食品級304不鏽鋼環保吸管組,179.0
免洗餐具,https://online.carrefour.com.tw/dw/image/v2/BFHC_PRD/on/demandware.static/-/Sites-carrefour-tw-m-inner/default/dwf97c7a2e/images/large/0180636_oli.jpeg?sw=300&bgcolor=FFFFFF,3115310800101,POLI雙耳餐碗-顏色隨機出貨,79.0
BBQ烤肉器具,https://online.carrefour.com.tw/dw/image/v2/BFHC_PRD/on/demandware.static/-/Sites-carrefour-tw-m-inner/default/dwb499f15a/images/large/3126400700101_NR_00.jpg?sw=300&bgcolor=FFFFFF,3126400700101,【烤肉用品】特大圓形燒烤網,129.0
BBQ烤肉器具,https://online.carrefour.com.tw/dw/image/v2/BFHC_PRD/on/demandware.static/-/Sites-carrefour-tw-m-inner/default/dw6333ae44/images/large/3126404400101_NR_00.jpg?sw=300&bgcolor=FFFFFF,3126404400101,【烤肉用品】自然風316不鏽鋼方格烤網-中,195.0
BBQ烤肉器具,https://online.carrefour.com.tw/dw/image/v2/BFHC_PRD/on/demandware.static/-/Sites-carrefour-tw-m-inner/default/dwd08cc1d2/images/large/0187579_12.jpeg?sw=300&bgcolor=FFFFFF,3126701900101,【烤肉用品】全鋼12寸料理夾,89.0
BBQ烤肉器具,https://online.carrefour.com.tw/dw/image/v2/BFHC_PRD/on/demandware.static/-/Sites-carrefour-tw-m-inner/default/dw619fa4fd/images/large/0259826_-12.jpeg?sw=300&bgcolor=FFFFFF,3127001000101,高級木炭 1.2公斤,75.0
BBQ烤肉器具,https://online.carrefour.com.tw/dw/image/v2/BFHC_PRD/on/demandware.static/-/Sites-carrefour-tw-m-inner/default/dwcda885a2/images/large/3127100800101_NR_00.jpg?sw=300&bgcolor=FFFFFF,3127100800101,【烤肉用品】自然風特選紅木條炭2.4kg,139.0
免洗餐具,https://online.carrefour.com.tw/dw/image/v2/BFHC_PRD/on/demandware.static/-/Sites-carrefour-tw-m-inner/default/dw74c836aa/images/large/0260308_260.jpeg?sw=300&bgcolor=FFFFFF,3121400500101,【免洗餐具】食尚達人260湯杯組(附蓋),38.0
免洗餐具,https://online.carrefour.com.tw/dw/image/v2/BFHC_PRD/on/demandware.static/-/Sites-carrefour-tw-m-inner/default/dwe66c4d18/images/large/0260313_360ml.jpeg?sw=300&bgcolor=FFFFFF,3122200300101,【免洗餐具】維基微波免洗保鮮盒方型360ml,89.0
BBQ烤肉器具,https://online.carrefour.com.tw/dw/image/v2/BFHC_PRD/on/demandware.static/-/Sites-carrefour-tw-m-inner/default/dw492ba7e9/images/large/0187578_304-55cm.jpeg?sw=300&bgcolor=FFFFFF,3126404200101,【烤肉用品】#304白金格紋烤網(大)-55CM,279.0
BBQ烤肉器具,https://online.carrefour.com.tw/dw/image/v2/BFHC_PRD/on/demandware.static/-/Sites-carrefour-tw-m-inner/default/dw377749ef/images/large/31261067001.jpg?sw=300&bgcolor=FFFFFF,3126106700101,日光生活不鏽鋼特大烤肉架,1999.0
免洗餐具,https://online.carrefour.com.tw/dw/image/v2/BFHC_PRD/on/demandware.static/-/Sites-carrefour-tw-m-inner/default/dw810f8dba/images/large/0118885.jpeg?sw=300&bgcolor=FFFFFF,3115301400101,日式飯碗,45.0
BBQ烤肉器具,https://online.carrefour.com.tw/dw/image/v2/BFHC_PRD/on/demandware.static/-/Sites-carrefour-tw-m-inner/default/dwd1b932b2/images/large/0175165_4292.jpeg?sw=300&bgcolor=FFFFFF,3146201800101,鋁箔容器-429烤肉方盤2入,72.0
免洗餐具,https://online.carrefour.com.tw/dw/image/v2/BFHC_PRD/on/demandware.static/-/Sites-carrefour-tw-m-inner/default/dwc45919cd/images/large/0090451_-8-s-.jpeg?sw=300&bgcolor=FFFFFF,3115402300101,日式 8吋 S 井湯碗,119.0
BBQ烤肉器具,https://online.carrefour.com.tw/dw/image/v2/BFHC_PRD/on/demandware.static/-/Sites-carrefour-tw-m-inner/default/dw00147594/images/large/3126400200101_NR_00.jpg?sw=300&bgcolor=FFFFFF,3126400200101,【烤肉用品】自然風木柄雙合烤網-大,119.0
BBQ烤肉器具,https://online.carrefour.com.tw/dw/image/v2/BFHC_PRD/on/demandware.static/-/Sites-carrefour-tw-m-inner/default/dw5896ff15/images/large/3126000800101_NR_00.jpg?sw=300&bgcolor=FFFFFF,3126000800101,岩紋鑄造不沾燒烤盤36公分-白色,899.0
BBQ烤肉器具,https://online.carrefour.com.tw/dw/image/v2/BFHC_PRD/on/demandware.static/-/Sites-carrefour-tw-m-inner/default/dw576692f4/images/large/31261064001-1.jpg?sw=300&bgcolor=FFFFFF,3126106400101,日光生活豪華烤肉架,859.0
BBQ烤肉器具,https://online.carrefour.com.tw/dw/image/v2/BFHC_PRD/on/demandware.static/-/Sites-carrefour-tw-m-inner/default/dwb7b2942a/images/large/3126400800101_NR_00.jpg?sw=300&bgcolor=FFFFFF,3126400800101,【烤肉用品】不鏽鋼燒烤盤,199.0
BBQ烤肉器具,https://online.carrefour.com.tw/dw/image/v2/BFHC_PRD/on/demandware.static/-/Sites-carrefour-tw-m-inner/default/dwc83a206b/images/large/0122483.jpeg?sw=300&bgcolor=FFFFFF,3126004900101,【烤肉用品】韓式長形燒烤盤,999.0
BBQ烤肉器具,https://online.carrefour.com.tw/dw/image/v2/BFHC_PRD/on/demandware.static/-/Sites-carrefour-tw-m-inner/default/dwe9cb6a9f/images/large/31260003001.jpg?sw=300&bgcolor=FFFFFF,3126000300101,韓式不沾煎烤盤附柄 IH-34cm,429.0
BBQ烤肉器具,https://online.carrefour.com.tw/dw/image/v2/BFHC_PRD/on/demandware.static/-/Sites-carrefour-tw-m-inner/default/dwb4c39952/images/large/3126600500101_NR_00.jpg?sw=300&bgcolor=FFFFFF,3126600500101,【免洗餐具】竹串6寸,15.0
BBQ烤肉器具,https://online.carrefour.com.tw/dw/image/v2/BFHC_PRD/on/demandware.static/-/Sites-carrefour-tw-m-inner/default/dw3477f04b/images/large/3127000400101_NR_00.jpg?sw=300&bgcolor=FFFFFF,3127000400101,【烤肉用品】自然風環保球形炭-1kg,60.0
BBQ烤肉器具,https://online.carrefour.com.tw/dw/image/v2/BFHC_PRD/on/demandware.static/-/Sites-carrefour-tw-m-inner/default/dwbed1fb22/images/large/0052564_48kg.jpg?sw=300&bgcolor=FFFFFF,3127100500101,妙管家碳烤專用椰炭4.8kg,239.0
免洗餐具,https://online.carrefour.com.tw/dw/image/v2/BFHC_PRD/on/demandware.static/-/Sites-carrefour-tw-m-inner/default/dwccc9bdad/images/large/0167311_9oze50.jpeg?sw=300&bgcolor=FFFFFF,3123600600101,【免洗餐具】簡約食尚9OZ雙PE高級冷飲杯50,75.0

免洗餐具,https://online.carrefour.com.tw/dw/image/v2/BFHC_PRD/on/demandware.static/-/Sites-carrefour-tw-m-inner/default/dw3cc6ab7a/images/large/0260306_480ml.jpeg?sw=300&bgcolor=FFFFFF,3122000200101,【免洗餐具】維基微波免洗保鮮盒圓型480ml,89.0
免洗餐具,https://online.carrefour.com.tw/dw/image/v2/BFHC_PRD/on/demandware.static/-/Sites-carrefour-tw-m-inner/default/dw626a34ae/images/large/0260298_720ml.jpeg?sw=300&bgcolor=FFFFFF,3122200600101,【免洗餐具】維基微波免洗保鮮盒方型720ml,109.0
BBQ烤肉器具,https://online.carrefour.com.tw/dw/image/v2/BFHC_PRD/on/demandware.static/-/Sites-carrefour-tw-m-inner/default/dw566c88dd/images/large/31261062001-1.jpg?sw=300&bgcolor=FFFFFF,3126106200101,妙管家家庭號不鏽鋼烤肉爐,1599.0
BBQ烤肉器具,https://online.carrefour.com.tw/dw/image/v2/BFHC_PRD/on/demandware.static/-/Sites-carrefour-tw-m-inner/default/dwe5076c7b/images/large/3127500200101_NR_00.jpg?sw=300&bgcolor=FFFFFF,3127500200101,野營火把,75.0
免洗餐具,https://online.carrefour.com.tw/dw/image/v2/BFHC_PRD/on/demandware.static/-/Sites-carrefour-tw-m-inner/default/dw96c34f89/images/large/0260303_960ml.jpeg?sw=300&bgcolor=FFFFFF,3122000500101,【免洗餐具】維基微波免洗保鮮盒圓型960ml,109.0
免洗餐具,https://online.carrefour.com.tw/dw/image/v2/BFHC_PRD/on/demandware.static/-/Sites-carrefour-tw-m-inner/default/dwe18d6c0e/images/large/3122300100101_NR_00.jpg?sw=300&bgcolor=FFFFFF,3122300100101,【免洗餐具】108塑膠免洗小橢圓盤,30.0
BBQ烤肉器具,https://online.carrefour.com.tw/dw/image/v2/BFHC_PRD/on/demandware.static/-/Sites-carrefour-tw-m-inner/default/dw30f14672/images/large/3126000600101.jpg?sw=300&bgcolor=FFFFFF,3126000600101,COTD超完美韓式烤盤38公分-黑色<實際出貨不含瓦斯爐>,1280.0

露營．車宿,https://online.carrefour.com.tw/dw/image/v2/BFHC_PRD/on/demandware.static/-/Sites-carrefour-tw-m-inner/default/dw14bb0cce/images/large/0186829.jpeg?sw=300&bgcolor=FFFFFF,3355190200101,妙管家火速通用瓦斯罐(四入裝),155.0
露營．車宿,https://online.carrefour.com.tw/dw/image/v2/BFHC_PRD/on/demandware.static/-/Sites-carrefour-tw-m-inner/default/dw40de6073/images/large/0240583.png?sw=300&bgcolor=FFFFFF,3355190200103,妙管家火速通用瓦斯罐(四入裝x3組/箱),419.0
露營．車宿,https://online.carrefour.com.tw/dw/image/v2/BFHC_PRD/on/demandware.static/-/Sites-carrefour-tw-m-inner/default/dw7b101040/images/large/0073811.jpeg?sw=300&bgcolor=FFFFFF,3355101300101,火旺噴燈瓦斯罐 SW-300T ,59.0
露營．車宿,https://online.carrefour.com.tw/dw/image/v2/BFHC_PRD/on/demandware.static/-/Sites-carrefour-tw-m-inner/default/dwc2aa7b8e/images/large/3355000600301.jpg?sw=300&bgcolor=FFFFFF,3355000600301,妙管家灰熊瓦斯爐2.2kW,299.0
露營．車宿,https://online.carrefour.com.tw/dw/image/v2/BFHC_PRD/on/demandware.static/-/Sites-carrefour-tw-m-inner/default/dwf30bd329/images/large/3355191900101_NR_01.jpg?sw=300&bgcolor=FFFFFF,3355191900101,雙虎高效卡式瓦斯罐250g3入組,98.0
露營．車宿,https://online.carrefour.com.tw/dw/image/v2/BFHC_PRD/on/demandware.static/-/Sites-carrefour-tw-m-inner/default/dw12e44e71/images/large/3355190800101-1.jpg?sw=300&bgcolor=FFFFFF,3355190800101,藍卡卡式瓦斯罐3入(包裝隨機出貨),129.0
露營．車宿,https://online.carrefour.com.tw/dw/image/v2/BFHC_PRD/on/demandware.static/-/Sites-carrefour-tw-m-inner/default/dwf53f1790/images/large/0184554.jpeg?sw=300&bgcolor=FFFFFF,3355603800101,【露營用品】迷你鋁合金口哨掛環(顏色隨機出貨),49.0
露營．車宿,https://online.carrefour.com.tw/dw/image/v2/BFHC_PRD/on/demandware.static/-/Sites-carrefour-tw-m-inner/default/dwe36ce730/images/large/0073813_001.jpeg?sw=300&bgcolor=FFFFFF,3355200900101,卡旺001可充填點火槍,62.0
露營．車宿,https://online.carrefour.com.tw/dw/image/v2/BFHC_PRD/on/demandware.static/-/Sites-carrefour-tw-m-inner/default/dw9ae0de3e/images/large/0159609_10cm-s6.jpeg?sw=300&bgcolor=FFFFFF,3355607500101,【露營用品】S型掛鉤(6入),45.0
家庭清潔 殺蟲,https://online.carrefour.com.tw/dw/image/v2/BFHC_PRD/on/demandware.static/-/Sites-carrefour-tw-m-inner/default/dw69e1c858/images/large/3152303200101.jpg?sw=300&bgcolor=FFFFFF,3152303200101,悠活可折疊水桶,189.0
露營．車宿,https://online.carrefour.com.tw/dw/image/v2/BFHC_PRD/on/demandware.static/-/Sites-carrefour-tw-m-inner/default/dwbbbc3ca1/images/large/33525004001-1031-1-.jpg?sw=300&bgcolor=FFFFFF,3352500400101,【露營用品】露遊暖心法蘭絨禦寒睡袋-顏色隨機出貨,799.0
露營．車宿,https://online.carrefour.com.tw/dw/image/v2/BFHC_PRD/on/demandware.static/-/Sites-carrefour-tw-m-inner/default/dw0a17b738/images/large/33540088001.jpg?sw=300&bgcolor=FFFFFF,3354008800101,【露營用品】月亮折疊椅(高背),1099.0
露營．車宿,https://online.carrefour.com.tw/dw/image/v2/BFHC_PRD/on/demandware.static/-/Sites-carrefour-tw-m-inner/default/dw8ddaa691/images/large/0206218_evadj-6010.jpeg?sw=300&bgcolor=FFFFFF,3350000800101,單人EVA加厚軟墊DJ-6010-顏色隨機出貨,219.0
椅．凳,https://online.carrefour.com.tw/dw/image/v2/BFHC_PRD/on/demandware.static/-/Sites-carrefour-tw-m-inner/default/dwbc1398c8/images/large/0150618.jpeg?sw=300&bgcolor=FFFFFF,3180203200101,美好小折椅-藍色 CH00106-B,198.0
露營．車宿,https://online.carrefour.com.tw/dw/image/v2/BFHC_PRD/on/demandware.static/-/Sites-carrefour-tw-m-inner/default/dwcfe89888/images/large/0015659.jpeg?sw=300&bgcolor=FFFFFF,3355600300101,休閒鋁合金登山杖-顏色隨機出貨,249.0
保冰．製冰用品,https://online.carrefour.com.tw/dw/image/v2/BFHC_PRD/on/demandware.static/-/Sites-carrefour-tw-m-inner/default/dw9854d3dd/images/large/0231830_-50.jpeg?sw=300&bgcolor=FFFFFF,3141801500101,橘之屋 冷凍袋-50入,19.0
保冰．製冰用品,https://online.carrefour.com.tw/dw/image/v2/BFHC_PRD/on/demandware.static/-/Sites-carrefour-tw-m-inner/default/dw72c60344/images/large/31418913002(1).jpg?sw=300&bgcolor=FFFFFF,3141891300201,妙管家繽紛保冷袋22L,499.0
飲水壺．保溫保冰,https://online.carrefour.com.tw/dw/image/v2/BFHC_PRD/on/demandware.static/-/Sites-carrefour-tw-m-inner/default/dwa4222e05/images/large/0276697_baselad20l.jpeg?sw=300&bgcolor=FFFFFF,3141706700101,Baseland日本專業冰桶20L,1399.0
露營．車宿,https://online.carrefour.com.tw/dw/image/v2/BFHC_PRD/on/demandware.static/-/Sites-carrefour-tw-m-inner/default/dwfacb6604/images/large/0073810.jpeg?sw=300&bgcolor=FFFFFF,3355101200101,火旺打火機瓦斯罐 SW-300L,59.0
露營．車宿,https://online.carrefour.com.tw/dw/image/v2/BFHC_PRD/on/demandware.static/-/Sites-carrefour-tw-m-inner/default/dw614bd10a/images/large/0219005.jpeg?sw=300&bgcolor=FFFFFF,3352391400101,【露營用品】露遊森活睡袋-顏色隨機出貨,449.0
飲水壺．保溫保冰,https://online.carrefour.com.tw/dw/image/v2/BFHC_PRD/on/demandware.static/-/Sites-carrefour-tw-m-inner/default/dw7ae92b2c/images/large/0249303_motaa25l.jpeg?sw=300&bgcolor=FFFFFF,3141701600101,Montana日本製冰桶25L,1299.0
飲水壺．保溫保冰,https://online.carrefour.com.tw/dw/image/v2/BFHC_PRD/on/demandware.static/-/Sites-carrefour-tw-m-inner/default/dw1689057f/images/large/31417084001.jpg?sw=300&bgcolor=FFFFFF,3141708500101,IJSSEL 日本製可攜式保冷冰桶 25L-大地棕,1399.0
保冰．製冰用品,https://online.carrefour.com.tw/dw/image/v2/BFHC_PRD/on/demandware.static/-/Sites-carrefour-tw-m-inner/default/dw385a0e30/images/large/3141900500101_NR_00.jpg?sw=300&bgcolor=FFFFFF,3141900500101,冰寶冰磚-中900ml,88.0
飲水壺．保溫保冰,https://online.carrefour.com.tw/dw/image/v2/BFHC_PRD/on/demandware.static/-/Sites-carrefour-tw-m-inner/default/dw663a21ca/images/large/31417082001(1).jpg?sw=300&bgcolor=FFFFFF,3141708200101,PINNACLE 冰桶11L,699.0

保冰．製冰用品,https://online.carrefour.com.tw/dw/image/v2/BFHC_PRD/on/demandware.static/-/Sites-carrefour-tw-m-inner/default/dwfdeedd0f/images/large/31418917001-1.jpg?sw=300&bgcolor=FFFFFF,3141891700101,【 JEJ ASTAGE】抗菌保冷厚石冰磚ICEROX 1100g,499.0
保冰．製冰用品,https://online.carrefour.com.tw/dw/image/v2/BFHC_PRD/on/demandware.static/-/Sites-carrefour-tw-m-inner/default/dwcadf1fb2/images/large/31418919001-1.jpg?sw=300&bgcolor=FFFFFF,3141891900101,IGLOO時尚黑白保冷托特包,369.0
露營．車宿,https://online.carrefour.com.tw/dw/image/v2/BFHC_PRD/on/demandware.static/-/Sites-carrefour-tw-m-inner/default/dwb8c9664b/images/large/0185079.jpeg?sw=300&bgcolor=FFFFFF,3355500900101,【露營用品】四合一戶外求生哨,45.0
保冰．製冰用品,https://online.carrefour.com.tw/dw/image/v2/BFHC_PRD/on/demandware.static/-/Sites-carrefour-tw-m-inner/default/dwa68c3af3/images/large/3141900900101_NR_00.jpg?sw=300&bgcolor=FFFFFF,3141900900101,日式冰磚 中,145.0
露營．車宿,https://online.carrefour.com.tw/dw/image/v2/BFHC_PRD/on/demandware.static/-/Sites-carrefour-tw-m-inner/default/dw6c937399/images/large/0015690_20dj-7110.jpeg?sw=300&bgcolor=FFFFFF,3355300400101,20公升折疊水箱(台灣製),169.0
露營．車宿,https://online.carrefour.com.tw/dw/image/v2/BFHC_PRD/on/demandware.static/-/Sites-carrefour-tw-m-inner/default/dw7b431a3c/images/large/33555947001-1.jpg?sw=300&bgcolor=FFFFFF,3355594700101,TREEWALKER可機洗印花野餐墊-花色隨機出貨,499.0
露營．車宿,https://online.carrefour.com.tw/dw/image/v2/BFHC_PRD/on/demandware.static/-/Sites-carrefour-tw-m-inner/default/dw8505d4ba/images/large/3355191600106.jpg?sw=300&bgcolor=FFFFFF,3355191600101,Iwatani 岩谷瓦斯罐-3罐裝/組,250.0
露營．車宿,https://online.carrefour.com.tw/dw/image/v2/BFHC_PRD/on/demandware.static/-/Sites-carrefour-tw-m-inner/default/dw2776222c/images/large/0219003.jpeg?sw=300&bgcolor=FFFFFF,3351602700101,露遊眠植絨充氣床(雙人),869.0
露營．車宿,https://online.carrefour.com.tw/dw/image/v2/BFHC_PRD/on/demandware.static/-/Sites-carrefour-tw-m-inner/default/dw0dfa281f/images/large/0174300.jpeg?sw=300&bgcolor=FFFFFF,3355600700101,多功能帶燈登山杖-顏色隨機出貨,349.0
露營．車宿,https://online.carrefour.com.tw/dw/image/v2/BFHC_PRD/on/demandware.static/-/Sites-carrefour-tw-m-inner/default/dw05514bfb/images/large/3352501100101.jpg?sw=300&bgcolor=FFFFFF,3352501100101,戶外野營睡袋-墨綠,599.0
保冰．製冰用品,https://online.carrefour.com.tw/dw/image/v2/BFHC_PRD/on/demandware.static/-/Sites-carrefour-tw-m-inner/default/dw2846061b/images/large/3141900600101_NR_00.jpg?sw=300&bgcolor=FFFFFF,3141900600101,冰寶冰磚-大 1800ml,188.0
露營．車宿,https://online.carrefour.com.tw/dw/image/v2/BFHC_PRD/on/demandware.static/-/Sites-carrefour-tw-m-inner/default/dwe7f33e55/images/large/33540067001-1.jpg?sw=300&bgcolor=FFFFFF,3354006700101,【露營用品】TREEWALKER 輕巧折合休閒椅-顏色隨機出貨,399.0
露營．車宿,https://online.carrefour.com.tw/on/demandware.static/-/Library-Sites-CarrefourTaiwanSharedLib/default/dwb903b49f/watermark/bogoicon2024.png,3355410200201,銀河氛圍捲尺燈-暖光,699.0
保冰．製冰用品,https://online.carrefour.com.tw/dw/image/v2/BFHC_PRD/on/demandware.static/-/Sites-carrefour-tw-m-inner/default/dw571c8bf9/images/large/3141891100201-1-removebg-preview.png?sw=300&bgcolor=FFFFFF,3141891100201,妙管家繽紛保冷袋30L,599.0
露營．車宿,https://online.carrefour.com.tw/dw/image/v2/BFHC_PRD/on/demandware.static/-/Sites-carrefour-tw-m-inner/default/dw267aa371/images/large/0256949_iwatai.png?sw=300&bgcolor=FFFFFF,3355093700101,Iwatani岩谷 超薄型高效能瓦斯爐CB-SS-50,1290.0
保冰．製冰用品,https://online.carrefour.com.tw/dw/image/v2/BFHC_PRD/on/demandware.static/-/Sites-carrefour-tw-m-inner/default/dwd480aad4/images/large/31418909001.jpg?sw=300&bgcolor=FFFFFF,3141890900101,妙管家保冷袋39L,499.0
露營．車宿,https://online.carrefour.com.tw/dw/image/v2/BFHC_PRD/on/demandware.static/-/Sites-carrefour-tw-m-inner/default/dw9229ab6d/images/large/0206348_180x180.jpeg?sw=300&bgcolor=FFFFFF,3355508100101,【露營用品】露遊防潮野餐墊-顏色隨機出貨,299.0
露營．車宿,https://online.carrefour.com.tw/dw/image/v2/BFHC_PRD/on/demandware.static/-/Sites-carrefour-tw-m-inner/default/dw6913684d/images/large/33550949001.jpg?sw=300&bgcolor=FFFFFF,3355094900101,妙管家火速瓦斯爐,399.0
露營．車宿,https://online.carrefour.com.tw/dw/image/v2/BFHC_PRD/on/demandware.static/-/Sites-carrefour-tw-m-inner/default/dw3ccb47a6/images/large/0241604_32kw.jpeg?sw=300&bgcolor=FFFFFF,3355093300101,妙管家鋁合金瓦斯爐3.2kW,1199.0
保冰．製冰用品,https://online.carrefour.com.tw/dw/image/v2/BFHC_PRD/on/demandware.static/-/Sites-carrefour-tw-m-inner/default/dw6828b780/images/large/3141900800101_NR_00.jpg?sw=300&bgcolor=FFFFFF,3141900800101,冰寶冰磚-小 500ml,68.0
露營．車宿,https://online.carrefour.com.tw/dw/image/v2/BFHC_PRD/on/demandware.static/-/Sites-carrefour-tw-m-inner/default/dw7e20b657/images/large/0185077.jpeg?sw=300&bgcolor=FFFFFF,3355503100101,【露營用品】造型防滑瑞士刀,169.0
露營．車宿,https://online.carrefour.com.tw/dw/image/v2/BFHC_PRD/on/demandware.static/-/Sites-carrefour-tw-m-inner/default/dw743c08d5/images/large/0239986_450g.jpeg?sw=300&bgcolor=FFFFFF,3355190700101,妙管家高山瓦斯罐450g,189.0
保冰．製冰用品,https://online.carrefour.com.tw/dw/image/v2/BFHC_PRD/on/demandware.static/-/Sites-carrefour-tw-m-inner/default/dw80e489bc/images/large/31418918001.jpg?sw=300&bgcolor=FFFFFF,3141891800101,【JEJ ASTAGE】日本製 i-beam 保冷劑 500g (軟裝),69.0
露營．車宿,https://online.carrefour.com.tw/dw/image/v2/BFHC_PRD/on/demandware.static/-/Sites-carrefour-tw-m-inner/default/dw4e38db8e/images/large/33540061001-1-0201.jpg?sw=300&bgcolor=FFFFFF,3354006100101,【露營用品】露遊紓壓月亮椅-顏色隨機出貨,750.0

露營．車宿,https://online.carrefour.com.tw/dw/image/v2/BFHC_PRD/on/demandware.static/-/Sites-carrefour-tw-m-inner/default/dw57678a8b/images/large/0016583.jpeg?sw=300&bgcolor=FFFFFF,3355100300101,卡旺登山瓦斯罐 K1-998,95.0
椅．凳,https://online.carrefour.com.tw/dw/image/v2/BFHC_PRD/on/demandware.static/-/Sites-carrefour-tw-m-inner/default/dwa6bb4da9/images/large/RC8001b.jpg?sw=300&bgcolor=FFFFFF,3180204500101,Keyway手提快收折疊椅,299.0
椅．凳,https://online.carrefour.com.tw/dw/image/v2/BFHC_PRD/on/demandware.static/-/Sites-carrefour-tw-m-inner/default/dwe74790d6/images/large/RC8001r.jpg?sw=300&bgcolor=FFFFFF,3180204500201,Keyway手提快收折疊椅,299.0
露營．車宿,https://online.carrefour.com.tw/dw/image/v2/BFHC_PRD/on/demandware.static/-/Sites-carrefour-tw-m-inner/default/dw4dcd3a2e/images/large/0015679_dj-9006.jpeg?sw=300&bgcolor=FFFFFF,3352400200101,高級人造羽毛睡袋DJ-9006-顏色隨機出貨,499.0
露營．車宿,https://online.carrefour.com.tw/dw/image/v2/BFHC_PRD/on/demandware.static/-/Sites-carrefour-tw-m-inner/default/dw4ef9da52/images/large/3352700700101.png?sw=300&bgcolor=FFFFFF,3352700700101,探險家DJ-9005 台灣製天然羽毛睡袋-顏色隨機出貨,1529.0
露營．車宿,https://online.carrefour.com.tw/dw/image/v2/BFHC_PRD/on/demandware.static/-/Sites-carrefour-tw-m-inner/default/dwf96f3d9e/images/large/0236002_dj-9032-100.jpeg?sw=300&bgcolor=FFFFFF,3352501000101,【露營用品】彩色100%中空纖維棉睡袋(附枕頭)-顏色隨機出貨,659.0
露營．車宿,https://online.carrefour.com.tw/dw/image/v2/BFHC_PRD/on/demandware.static/-/Sites-carrefour-tw-m-inner/default/dw090b6808/images/large/0209046_a008.jpeg?sw=300&bgcolor=FFFFFF,3355093100101,火霹靂A008攜帶式卡式爐2.6kw,569.0
露營．車宿,https://online.carrefour.com.tw/dw/image/v2/BFHC_PRD/on/demandware.static/-/Sites-carrefour-tw-m-inner/default/dwf1a0cf71/images/large/0238131_dj-6736.jpeg?sw=300&bgcolor=FFFFFF,3354101800101,【露營用品】鋁框小桌(附外袋),790.0
露營．車宿,https://online.carrefour.com.tw/dw/image/v2/BFHC_PRD/on/demandware.static/-/Sites-carrefour-tw-m-inner/default/dw903eb9cc/images/large/0093604_6.jpeg?sw=300&bgcolor=FFFFFF,3355291700101,卡旺6片式擋風板_665*242mm,129.0
露營．車宿,https://online.carrefour.com.tw/dw/image/v2/BFHC_PRD/on/demandware.static/-/Sites-carrefour-tw-m-inner/default/dwc814edfa/images/large/0124849.jpeg?sw=300&bgcolor=FFFFFF,3355092000101,妙管家不鏽鋼瓦斯爐附不沾烤盤2.9kW,999.0
露營．車宿,https://online.carrefour.com.tw/dw/image/v2/BFHC_PRD/on/demandware.static/-/Sites-carrefour-tw-m-inner/default/dw60c47425/images/large/0023467_exlorerdj-.jpeg?sw=300&bgcolor=FFFFFF,3355201200101,探險家噴火龍噴槍+卡式瓦斯,375.0
露營．車宿,https://online.carrefour.com.tw/dw/image/v2/BFHC_PRD/on/demandware.static/-/Sites-carrefour-tw-m-inner/default/dw83bd9acf/images/large/0187929.jpeg?sw=300&bgcolor=FFFFFF,3355289900101,火旺多用途電子噴槍,399.0
露營．車宿,https://online.carrefour.com.tw/dw/image/v2/BFHC_PRD/on/demandware.static/-/Sites-carrefour-tw-m-inner/default/dw09f99233/images/large/3355094100101-2.jpg?sw=300&bgcolor=FFFFFF,3355094100101,妙管家攜帶式燒烤爐2.1Kw,2290.0
椅．凳,https://online.carrefour.com.tw/dw/image/v2/BFHC_PRD/on/demandware.static/-/Sites-carrefour-tw-m-inner/default/dwab61cb35/images/large/RC8001G.jpg?sw=300&bgcolor=FFFFFF,3180204500301,Keyway手提快收折疊椅,299.0
露營．車宿,https://online.carrefour.com.tw/dw/image/v2/BFHC_PRD/on/demandware.static/-/Sites-carrefour-tw-m-inner/default/dw6ac58b33/images/large/0159613_5.jpeg?sw=300&bgcolor=FFFFFF,3355608000101,【露營用品】天幕夾/帳篷夾(5入),139.0
露營．車宿,https://online.carrefour.com.tw/dw/image/v2/BFHC_PRD/on/demandware.static/-/Sites-carrefour-tw-m-inner/default/dw4fbc428d/images/large/0206220_dj-13.jpeg?sw=300&bgcolor=FFFFFF,3350200100101,四人鋁箔睡墊DJ-13,299.0
露營．車宿,https://online.carrefour.com.tw/dw/image/v2/BFHC_PRD/on/demandware.static/-/Sites-carrefour-tw-m-inner/default/dw7d548409/images/large/0174301_evadj-6012.jpeg?sw=300&bgcolor=FFFFFF,3350100500101,雙人EVA加厚軟墊DJ-6012,299.0
露營．車宿,https://online.carrefour.com.tw/dw/image/v2/BFHC_PRD/on/demandware.static/-/Sites-carrefour-tw-m-inner/default/dwe5cb475e/images/large/33552947001-1.jpg?sw=300&bgcolor=FFFFFF,3355294700101,多功能露營鐵夾掛勾,59.0
露營．車宿,https://online.carrefour.com.tw/dw/image/v2/BFHC_PRD/on/demandware.static/-/Sites-carrefour-tw-m-inner/default/dwc10ed624/images/large/0159604_dj-7142.jpeg?sw=300&bgcolor=FFFFFF,3355600200101,多用途童軍繩(加長),99.0
露營．車宿,https://online.carrefour.com.tw/dw/image/v2/BFHC_PRD/on/demandware.static/-/Sites-carrefour-tw-m-inner/default/dwb5242b26/images/large/3354005100101_NR_00.jpg?sw=300&bgcolor=FFFFFF,3354005100101,露遊聚三腳凳-顏色隨機出貨,149.0
露營．車宿,https://online.carrefour.com.tw/dw/image/v2/BFHC_PRD/on/demandware.static/-/Sites-carrefour-tw-m-inner/default/dw0d9539f1/images/large/0263963_fu-.jpeg?sw=300&bgcolor=FFFFFF,3353408200101,【露營用品】露遊FUN 野餐秒開帳-花色隨機出貨,950.0
露營．車宿,https://online.carrefour.com.tw/dw/image/v2/BFHC_PRD/on/demandware.static/-/Sites-carrefour-tw-m-inner/default/dw540f287d/images/large/0185086.jpeg?sw=300&bgcolor=FFFFFF,3355603500101,【露營用品】亮彩強力PP營繩,89.0
露營．車宿,https://online.carrefour.com.tw/dw/image/v2/BFHC_PRD/on/demandware.static/-/Sites-carrefour-tw-m-inner/default/dw7c547dae/images/large/0174136.jpeg?sw=300&bgcolor=FFFFFF,3355607100101,【露營用品】多用途螢光繩(捆),189.0
露營．車宿,https://online.carrefour.com.tw/dw/image/v2/BFHC_PRD/on/demandware.static/-/Sites-carrefour-tw-m-inner/default/dw87316cca/images/large/0196521.jpeg?sw=300&bgcolor=FFFFFF,3353102800101,【露營用品】露遊樂觀星快搭帳-花色隨機出貨,990.0

露營．車宿,https://online.carrefour.com.tw/dw/image/v2/BFHC_PRD/on/demandware.static/-/Sites-carrefour-tw-m-inner/default/dwee42685a/images/large/0255808_treewalker-.jpeg?sw=300&bgcolor=FFFFFF,3355294500101,【露營用品】TREEWALKER 防水防油桌巾(長型)-花色隨機出貨不挑色,289.0
露營．車宿,https://online.carrefour.com.tw/dw/image/v2/BFHC_PRD/on/demandware.static/-/Sites-carrefour-tw-m-inner/default/dw47a3bd29/images/large/0236000_dj-9013.jpeg?sw=300&bgcolor=FFFFFF,3352100100101,【露營用品】迷彩人造羽毛睡袋(附枕頭可雙拼)DJ-9013,899.0
露營．車宿,https://online.carrefour.com.tw/dw/image/v2/BFHC_PRD/on/demandware.static/-/Sites-carrefour-tw-m-inner/default/dwa532b196/images/large/0197891.jpeg?sw=300&bgcolor=FFFFFF,3353407400101,【露營用品】露遊樂快開更衣帳-花色隨機出貨,990.0
露營．車宿,https://online.carrefour.com.tw/dw/image/v2/BFHC_PRD/on/demandware.static/-/Sites-carrefour-tw-m-inner/default/dw7f6f47b3/images/large/0255803_treewalker-.jpeg?sw=300&bgcolor=FFFFFF,3355294400101,【露營用品】TREEWALKER 防水防油桌巾(方型)-花色隨機出貨不挑色,259.0
露營．車宿,https://online.carrefour.com.tw/dw/image/v2/BFHC_PRD/on/demandware.static/-/Sites-carrefour-tw-m-inner/default/dwc2d69062/images/large/0203537_fu.jpeg?sw=300&bgcolor=FFFFFF,3351602300101,【露營用品】露遊FUN紓壓野營床-顏色隨機出貨,1399.0
露營．車宿,https://online.carrefour.com.tw/dw/image/v2/BFHC_PRD/on/demandware.static/-/Sites-carrefour-tw-m-inner/default/dwec272e3d/images/large/0159590_26cm.jpeg?sw=300&bgcolor=FFFFFF,3355292800101,DJ-5030 雙倒勾燈勾26CM,120.0
露營．車宿,https://online.carrefour.com.tw/dw/image/v2/BFHC_PRD/on/demandware.static/-/Sites-carrefour-tw-m-inner/default/dwff0e4da8/images/large/33534084001-1.jpg?sw=300&bgcolor=FFFFFF,3353408400101,【露營用品】TREEWALKER Breeze野露雙用帳-花色隨機出貨,850.0
露營．車宿,https://online.carrefour.com.tw/dw/image/v2/BFHC_PRD/on/demandware.static/-/Sites-carrefour-tw-m-inner/default/dwa15a1c46/images/large/0236004.jpeg?sw=300&bgcolor=FFFFFF,3355507100101,鋁合金三節避震登山杖-顏色隨機出貨,489.0
露營．車宿,https://online.carrefour.com.tw/dw/image/v2/BFHC_PRD/on/demandware.static/-/Sites-carrefour-tw-m-inner/default/dw0966f5f1/images/large/0073812.jpeg?sw=300&bgcolor=FFFFFF,3355201600101,火旺瓦斯噴燈座,379.0
露營．車宿,https://online.carrefour.com.tw/dw/image/v2/BFHC_PRD/on/demandware.static/-/Sites-carrefour-tw-m-inner/default/dwc6902d7d/images/large/0248703_4.jpeg?sw=300&bgcolor=FFFFFF,3355604600101,【露營用品】烤漆營釘(4入),158.0
露營．車宿,https://online.carrefour.com.tw/dw/image/v2/BFHC_PRD/on/demandware.static/-/Sites-carrefour-tw-m-inner/default/dw4677f378/images/large/0197893.jpeg?sw=300&bgcolor=FFFFFF,3354005200101,露遊聚童軍椅-顏色隨機出貨,219.0
露營．車宿,https://online.carrefour.com.tw/dw/image/v2/BFHC_PRD/on/demandware.static/-/Sites-carrefour-tw-m-inner/default/dw99666f31/images/large/0280051_treewalker.jpeg?sw=300&bgcolor=FFFFFF,3355590700101,【露營用品】Treewalker繽紛三角旗-花色隨機出貨,99.0
露營．車宿,https://online.carrefour.com.tw/dw/image/v2/BFHC_PRD/on/demandware.static/-/Sites-carrefour-tw-m-inner/default/dwc1949595/images/large/0159614_5.jpeg?sw=300&bgcolor=FFFFFF,3355608100101,彈性調節拉繩(5入)-顏色隨機出貨,99.0
露營．車宿,https://online.carrefour.com.tw/dw/image/v2/BFHC_PRD/on/demandware.static/-/Sites-carrefour-tw-m-inner/default/dwde7a79e1/images/large/0256165_27kw.jpeg?sw=300&bgcolor=FFFFFF,3355093500101,妙管家速控爐罐組2.7Kw<隨貨附贈安控瓦斯罐一瓶>,99.0
露營．車宿,https://online.carrefour.com.tw/dw/image/v2/BFHC_PRD/on/demandware.static/-/Sites-carrefour-tw-m-inner/default/dwa0081d5e/images/large/0248938_a01031kw.png?sw=300&bgcolor=FFFFFF,3355093400101,卡旺A010攜帶式卡式爐3.1Kw,949.0
露營．車宿,https://online.carrefour.com.tw/dw/image/v2/BFHC_PRD/on/demandware.static/-/Sites-carrefour-tw-m-inner/default/dwe2f8c1f1/images/large/0281022_treewalker.jpeg?sw=300&bgcolor=FFFFFF,3355590600101,【露營用品】Treewalker彩繪掛布-花色隨機出貨,329.0
露營．車宿,https://online.carrefour.com.tw/dw/image/v2/BFHC_PRD/on/demandware.static/-/Sites-carrefour-tw-m-inner/default/dwa66eddfc/images/large/0073816_j001.jpeg?sw=300&bgcolor=FFFFFF,3355292100101,火旺J001瓦斯噴燈座,599.0
露營．車宿,https://online.carrefour.com.tw/dw/image/v2/BFHC_PRD/on/demandware.static/-/Sites-carrefour-tw-m-inner/default/dw3146dd7b/images/large/0015689_10.jpeg?sw=300&bgcolor=FFFFFF,3355300100101,10公升折疊水箱(台灣製),129.0
露營．車宿,https://online.carrefour.com.tw/dw/image/v2/BFHC_PRD/on/demandware.static/-/Sites-carrefour-tw-m-inner/default/dwe9339c9d/images/large/0219007.jpeg?sw=300&bgcolor=FFFFFF,3355608900101,【露營用品】露遊輕量鋁合金登山杖,699.0
露營．車宿,https://online.carrefour.com.tw/dw/image/v2/BFHC_PRD/on/demandware.static/-/Sites-carrefour-tw-m-inner/default/dw6cb76b07/images/large/3355691200101-1.jpg?sw=300&bgcolor=FFFFFF,3355691200101,TREEWALKER輕量五節式折疊登山杖,490.0
露營．車宿,https://online.carrefour.com.tw/dw/image/v2/BFHC_PRD/on/demandware.static/-/Sites-carrefour-tw-m-inner/default/dwd45240c8/images/large/0185091.jpeg?sw=300&bgcolor=FFFFFF,3355603200101,【露營用品】鋁合金口哨掛環(顏色隨機出貨),35.0
露營．車宿,https://online.carrefour.com.tw/dw/image/v2/BFHC_PRD/on/demandware.static/-/Sites-carrefour-tw-m-inner/default/dw838381fd/images/large/0179457_s88cm2.jpeg?sw=300&bgcolor=FFFFFF,3355507700101,鋁合金S型扣環8.8cm(2入)-顏色隨機出貨,99.0
露營．車宿,https://online.carrefour.com.tw/dw/image/v2/BFHC_PRD/on/demandware.static/-/Sites-carrefour-tw-m-inner/default/dw3957c9d2/images/large/0093618_872.jpeg?sw=300&bgcolor=FFFFFF,3355291600101,火旺872雙高火力電子噴槍,900.0
露營．車宿,https://online.carrefour.com.tw/dw/image/v2/BFHC_PRD/on/demandware.static/-/Sites-carrefour-tw-m-inner/default/dwbbdb76dd/images/large/0159605.jpeg?sw=300&bgcolor=FFFFFF,3355603100101,水滴型造型鑰匙圈,35.0

露營．車宿,https://online.carrefour.com.tw/dw/image/v2/BFHC_PRD/on/demandware.static/-/Sites-carrefour-tw-m-inner/default/dw4b4b1f38/images/large/0218324_d.jpeg?sw=300&bgcolor=FFFFFF,3355607800101,【露營用品】五合一D型登山扣,199.0
露營．車宿,https://online.carrefour.com.tw/dw/image/v2/BFHC_PRD/on/demandware.static/-/Sites-carrefour-tw-m-inner/default/dwba638595/images/large/0268514_treewalker.jpeg?sw=300&bgcolor=FFFFFF,3355690500101,【露營用品】TREEWALKER輕量碳纖登山杖(成對),1190.0
露營．車宿,https://online.carrefour.com.tw/dw/image/v2/BFHC_PRD/on/demandware.static/-/Sites-carrefour-tw-m-inner/default/dw21134b88/images/large/0281025_treewalker.jpeg?sw=300&bgcolor=FFFFFF,3353408900101,【露營用品】Treewalker城堡小屋遊戲帳-顏色隨機出貨,899.0
露營．車宿,https://online.carrefour.com.tw/dw/image/v2/BFHC_PRD/on/demandware.static/-/Sites-carrefour-tw-m-inner/default/dwe3c001b6/images/large/0219008.jpeg?sw=300&bgcolor=FFFFFF,3355609000101,【露營用品】露遊碳纖登山杖,990.0
露營．車宿,https://online.carrefour.com.tw/dw/image/v2/BFHC_PRD/on/demandware.static/-/Sites-carrefour-tw-m-inner/default/dw71a67954/images/large/0061265_dj-505112cs.jpg?sw=300&bgcolor=FFFFFF,3355606900101,【露營用品】多用途曬衣繩附12PCS夾子,99.0
露營．車宿,https://online.carrefour.com.tw/dw/image/v2/BFHC_PRD/on/demandware.static/-/Sites-carrefour-tw-m-inner/default/dwa63d6cad/images/large/3353102900101.jpg?sw=300&bgcolor=FFFFFF,3353102900101,【露營用品】TREEWALKER Breeze彩繪四人帳-花色隨機出貨,990.0
露營．車宿,https://online.carrefour.com.tw/dw/image/v2/BFHC_PRD/on/demandware.static/-/Sites-carrefour-tw-m-inner/default/dw234d1444/images/large/0197894.jpeg?sw=300&bgcolor=FFFFFF,3354005300101,露遊聚釣魚凳-顏色隨機出貨,299.0
露營．車宿,https://online.carrefour.com.tw/dw/image/v2/BFHC_PRD/on/demandware.static/-/Sites-carrefour-tw-m-inner/default/dw22ae7541/images/large/0254617_s5cm4.jpeg?sw=300&bgcolor=FFFFFF,3355507600101,鋁合金S型扣環5cm(4入)-顏色隨機出貨,99.0
露營．車宿,https://online.carrefour.com.tw/dw/image/v2/BFHC_PRD/on/demandware.static/-/Sites-carrefour-tw-m-inner/default/dwe8cd3c06/images/large/0219006_fu.jpeg?sw=300&bgcolor=FFFFFF,3355608800101,【露營用品】FUN玩樂兒童登山健走杖,329.0
露營．車宿,https://online.carrefour.com.tw/dw/image/v2/BFHC_PRD/on/demandware.static/-/Sites-carrefour-tw-m-inner/default/dwc62bd77c/images/large/0159597_led.jpeg?sw=300&bgcolor=FFFFFF,3355407000101,探險家風扇LED露營燈-顏色隨機出貨,459.0
露營．車宿,https://online.carrefour.com.tw/dw/image/v2/BFHC_PRD/on/demandware.static/-/Sites-carrefour-tw-m-inner/default/dw6d2871eb/images/large/0197890.jpeg?sw=300&bgcolor=FFFFFF,3352001000101,【露營用品】露遊享夢兒童睡袋-顏色隨機出貨,599.0
露營．車宿,https://online.carrefour.com.tw/dw/image/v2/BFHC_PRD/on/demandware.static/-/Sites-carrefour-tw-m-inner/default/dw0451ee65/images/large/0235779_dj-9052c5.jpeg?sw=300&bgcolor=FFFFFF,3352500300101,【露營用品】探險家舒適保暖睡袋-顏色隨機出貨,1499.0
露營．車宿,https://online.carrefour.com.tw/dw/image/v2/BFHC_PRD/on/demandware.static/-/Sites-carrefour-tw-m-inner/default/dwb0bb54bd/images/large/0094353_dj-7173.jpeg?sw=300&bgcolor=FFFFFF,3355201100101,探險家填充式迷你噴槍,215.0
露營．車宿,https://online.carrefour.com.tw/dw/image/v2/BFHC_PRD/on/demandware.static/-/Sites-carrefour-tw-m-inner/default/dw0fadac51/images/large/0235778_dj-8005.jpeg?sw=300&bgcolor=FFFFFF,3352001100101,【露營用品】兒童舒適卡通睡袋-花色隨機出貨,899.0
露營．車宿,https://online.carrefour.com.tw/dw/image/v2/BFHC_PRD/on/demandware.static/-/Sites-carrefour-tw-m-inner/default/dwb8a176ac/images/large/0235998_-e280x280cm.jpeg?sw=300&bgcolor=FFFFFF,3350200400101,【露營用品】台灣製PE鋁箔睡墊(厚2mm) DJ-22,799.0
露營．車宿,https://online.carrefour.com.tw/dw/image/v2/BFHC_PRD/on/demandware.static/-/Sites-carrefour-tw-m-inner/default/dw26074cfa/images/large/0017188_dj-12.jpeg?sw=300&bgcolor=FFFFFF,3350100300101,雙人錫箔睡墊DJ-12,179.0
露營．車宿,https://online.carrefour.com.tw/dw/image/v2/BFHC_PRD/on/demandware.static/-/Sites-carrefour-tw-m-inner/default/dwff7abc81/images/large/0044127_dj-9017.jpeg?sw=300&bgcolor=FFFFFF,3352600100101,迷你人造蠶絲睡袋-顏色隨機出貨,799.0
露營．車宿,https://online.carrefour.com.tw/dw/image/v2/BFHC_PRD/on/demandware.static/-/Sites-carrefour-tw-m-inner/default/dw938572c0/images/large/0235991_e280x360-dj-6602.jpeg?sw=300&bgcolor=FFFFFF,3350300300101,【露營用品】防水防潮PE雙面淋膜地舖 DJ-6602,699.0
露營．車宿,https://online.carrefour.com.tw/dw/image/v2/BFHC_PRD/on/demandware.static/-/Sites-carrefour-tw-m-inner/default/dw61e0c88d/images/large/3355608200101-1.jpg?sw=300&bgcolor=FFFFFF,3355608200101,DJ-5056 鋁合金套接式營柱280CM-顏色隨機出貨,799.0
露營．車宿,https://online.carrefour.com.tw/dw/image/v2/BFHC_PRD/on/demandware.static/-/Sites-carrefour-tw-m-inner/default/dw11fa3c72/images/large/3351603200101.jpg?sw=300&bgcolor=FFFFFF,3351603200101,露遊眠單人加大充氣床,679.0
露營．車宿,https://online.carrefour.com.tw/dw/image/v2/BFHC_PRD/on/demandware.static/-/Sites-carrefour-tw-m-inner/default/dw85acc31e/images/large/0193836_treewalker-6.jpeg?sw=300&bgcolor=FFFFFF,3350001500101,Treewalker 6公分自動充氣墊(附枕頭),1390.0
露營．車宿,https://online.carrefour.com.tw/dw/image/v2/BFHC_PRD/on/demandware.static/-/Sites-carrefour-tw-m-inner/default/dw1fc7d7d7/images/large/0016575.jpeg?sw=300&bgcolor=FFFFFF,3355001600101,卡旺高山野炊瓦斯爐組,1390.0
露營．車宿,https://online.carrefour.com.tw/dw/image/v2/BFHC_PRD/on/demandware.static/-/Sites-carrefour-tw-m-inner/default/dwe750a157/images/large/0206221_dj-14.jpeg?sw=300&bgcolor=FFFFFF,3350300100101,六人鋁箔睡墊DJ-14,399.0
露營．車宿,https://online.carrefour.com.tw/dw/image/v2/BFHC_PRD/on/demandware.static/-/Sites-carrefour-tw-m-inner/default/dwb0d17265/images/large/3352300100101.jpg?sw=300&bgcolor=FFFFFF,3352300100101,德晉高級棉睡袋DJ-9007-顏色隨機出貨,399.0

露營．車宿,https://online.carrefour.com.tw/dw/image/v2/BFHC_PRD/on/demandware.static/-/Sites-carrefour-tw-m-inner/default/dw2d015bb5/images/large/0093602.jpeg?sw=300&bgcolor=FFFFFF,3355601000101,卡旺攜帶式安全蚊香盒,143.0
露營．車宿,https://online.carrefour.com.tw/dw/image/v2/BFHC_PRD/on/demandware.static/-/Sites-carrefour-tw-m-inner/default/dw4a23e16a/images/large/0240701_turbo-tet-200.png?sw=300&bgcolor=FFFFFF,3353406900101,Turbo Tent Quick Shelter200 - 野餐帳,3500.0
免洗餐具,https://online.carrefour.com.tw/on/demandware.static/-/Library-Sites-CarrefourTaiwanSharedLib/default/dw9f8cd3df/watermark/200x200-cvs.png-new.png,3125490500101,樂扣野餐餐具組  21件組,699.0
露營．車宿,https://online.carrefour.com.tw/dw/image/v2/BFHC_PRD/on/demandware.static/-/Sites-carrefour-tw-m-inner/default/dw86bdc061/images/large/0264931_turbotet-omad270-6.jpeg?sw=300&bgcolor=FFFFFF,3353200100101,【露營用品】TurboTent Nomad270-6人帳強化版,11980.0
露營．車宿,https://online.carrefour.com.tw/dw/image/v2/BFHC_PRD/on/demandware.static/-/Sites-carrefour-tw-m-inner/default/dw0940f130/images/large/33540111001-1.jpg?sw=300&bgcolor=FFFFFF,3354011100101,皮革綁帶防潮野餐墊-顏色隨機出貨,499.0
傢俱,https://online.carrefour.com.tw/dw/image/v2/BFHC_PRD/on/demandware.static/-/Sites-carrefour-tw-m-inner/default/dwfbbe5f29/images/large/31890031001.jpg?sw=300&bgcolor=FFFFFF,3189003100101,TUMAZ雙人彈簧折疊椅-黑色,2299.0
傢俱,https://online.carrefour.com.tw/dw/image/v2/BFHC_PRD/on/demandware.static/-/Sites-carrefour-tw-m-inner/default/dwa492b424/images/large/3189002700101_NR_00.jpg?sw=300&bgcolor=FFFFFF,3189002700101,TUMAZ輕便折疊椅-橄欖綠,950.0
露營．車宿,https://online.carrefour.com.tw/dw/image/v2/BFHC_PRD/on/demandware.static/-/Sites-carrefour-tw-m-inner/default/dw72f22751/images/large/0242972_motaa13l.jpeg?sw=300&bgcolor=FFFFFF,3141701500301,Montana日本製冰桶13L-水綠色,799.0
飲水壺．保溫保冰,https://online.carrefour.com.tw/dw/image/v2/BFHC_PRD/on/demandware.static/-/Sites-carrefour-tw-m-inner/default/dwfb0b1ef5/images/large/31417076001-13-1.jpg?sw=300&bgcolor=FFFFFF,3141707600101,FORES CREW 日本製保冷冰桶-13L,799.0
露營．車宿,https://online.carrefour.com.tw/dw/image/v2/BFHC_PRD/on/demandware.static/-/Sites-carrefour-tw-m-inner/default/dw5a2a4ea8/images/large/33550946002.jpg?sw=300&bgcolor=FFFFFF,3355094600201,DR. HOWS迷你爐-黃色,2680.0
椅．凳,https://online.carrefour.com.tw/dw/image/v2/BFHC_PRD/on/demandware.static/-/Sites-carrefour-tw-m-inner/default/dwfd429a2c/images/large/3180204900201_NR_00.JPG?sw=300&bgcolor=FFFFFF,3180204900201,Keyway鐵馬摺合椅23cm-藍色,385.0
露營．車宿,https://online.carrefour.com.tw/dw/image/v2/BFHC_PRD/on/demandware.static/-/Sites-carrefour-tw-m-inner/default/dw7fbf2074/images/large/3354103800101_NR_00.jpg?sw=300&bgcolor=FFFFFF,3354103800101,露遊聚休閒桌椅組,1390.0
露營．車宿,https://online.carrefour.com.tw/dw/image/v2/BFHC_PRD/on/demandware.static/-/Sites-carrefour-tw-m-inner/default/dw3fabb612/images/large/3355695900101.jpg?sw=300&bgcolor=FFFFFF,3355695900101,通用露營推車桌板,699.0
桌子,https://online.carrefour.com.tw/dw/image/v2/BFHC_PRD/on/demandware.static/-/Sites-carrefour-tw-m-inner/default/dwaa1e18de/images/large/31812052001-2.jpg?sw=300&bgcolor=FFFFFF,3181205200101,KeywaySUV休閒摺合桌-綠色,769.0
露營．車宿,https://online.carrefour.com.tw/dw/image/v2/BFHC_PRD/on/demandware.static/-/Sites-carrefour-tw-m-inner/default/dw8cfffcc8/images/large/33552965001(1).jpg?sw=300&bgcolor=FFFFFF,3355296500101,HouseKeeper瓦斯噴槍(不含瓦斯罐),269.0
露營．車宿,https://online.carrefour.com.tw/dw/image/v2/BFHC_PRD/on/demandware.static/-/Sites-carrefour-tw-m-inner/default/dw0cb782ac/images/large/0252164_turbo-tet-.jpeg?sw=300&bgcolor=FFFFFF,3350090000101,Turbo Tent 自動充氣枕頭,699.0
露營．車宿,https://online.carrefour.com.tw/dw/image/v2/BFHC_PRD/on/demandware.static/-/Sites-carrefour-tw-m-inner/default/dw02796144/images/large/33540089001-1.jpg?sw=300&bgcolor=FFFFFF,3354008900101,鋁合金輕量折疊椅-顏色隨機出貨,1099.0
保冰．製冰用品,https://online.carrefour.com.tw/dw/image/v2/BFHC_PRD/on/demandware.static/-/Sites-carrefour-tw-m-inner/default/dw7e60ed2d/images/large/31418914001-1.jpg?sw=300&bgcolor=FFFFFF,3141891400101,史丹利Stanley 探險系列保溫箱16QT,3000.0
椅．凳,https://online.carrefour.com.tw/dw/image/v2/BFHC_PRD/on/demandware.static/-/Sites-carrefour-tw-m-inner/default/dw49dedc1b/images/large/3180198400101.jpg?sw=300&bgcolor=FFFFFF,3180198400101,便攜手提摺疊椅-L(顏色隨機出貨),249.0
露營．車宿,https://online.carrefour.com.tw/dw/image/v2/BFHC_PRD/on/demandware.static/-/Sites-carrefour-tw-m-inner/default/dwc2fe6947/images/large/0264948_turbo-lite-300-.jpeg?sw=300&bgcolor=FFFFFF,3353301000101,【露營用品】Turbo Lite 300 第三代 - 一房一廳八人帳篷,21800.0
露營．車宿,https://online.carrefour.com.tw/dw/image/v2/BFHC_PRD/on/demandware.static/-/Sites-carrefour-tw-m-inner/default/dw2f435db4/images/large/3353301100101-1.jpg?sw=300&bgcolor=FFFFFF,3353301100101,【露營用品】Turbo Tent 冒險家8人帳,28800.0
飲水壺．保溫保冰,https://online.carrefour.com.tw/dw/image/v2/BFHC_PRD/on/demandware.static/-/Sites-carrefour-tw-m-inner/default/dw837717dd/images/large/0097207_motaa35l.jpeg?sw=300&bgcolor=FFFFFF,3141701700101,Montana日本製冰桶35L,1599.0
保冰．製冰用品,https://online.carrefour.com.tw/dw/image/v2/BFHC_PRD/on/demandware.static/-/Sites-carrefour-tw-m-inner/default/dwbda20955/images/large/31418913001(1).jpg?sw=300&bgcolor=FFFFFF,3141891300101,妙管家繽紛保冷袋22L-黑米色,499.0
露營．車宿,https://online.carrefour.com.tw/dw/image/v2/BFHC_PRD/on/demandware.static/-/Sites-carrefour-tw-m-inner/default/dwe62791a7/images/large/0264936_tourist-270-6.jpeg?sw=300&bgcolor=FFFFFF,3353200400101,【露營用品】Tourist 270-旅行者6人帳(強化版),18800.0

保冰．製冰用品,https://online.carrefour.com.tw/dw/image/v2/BFHC_PRD/on/demandware.static/-/Sites-carrefour-tw-m-inner/default/dwd2e89e9f/images/large/0202224_i-beam1000.png?sw=300&bgcolor=FFFFFF,3141904800101,i-BEAM日本製保冷冰磚1000克,259.0
露營．車宿,https://online.carrefour.com.tw/dw/image/v2/BFHC_PRD/on/demandware.static/-/Sites-carrefour-tw-m-inner/default/dw2bb1a464/images/large/33531031001.jpg?sw=300&bgcolor=FFFFFF,3353103100101,【露營用品】自動連體雙層帳篷(顏色隨機出貨),999.0
手電筒,https://online.carrefour.com.tw/dw/image/v2/BFHC_PRD/on/demandware.static/-/Sites-carrefour-tw-m-inner/default/dwa045ebe7/images/large/3003204900101_NR_00.jpg?sw=300&bgcolor=FFFFFF,3003204900101,亨睿兄弟LED戶外多功能燈,799.0
露營．車宿,https://online.carrefour.com.tw/dw/image/v2/BFHC_PRD/on/demandware.static/-/Sites-carrefour-tw-m-inner/default/dw2f07d005/images/large/33550947001-1.png?sw=300&bgcolor=FFFFFF,3355094700101,Iwatani岩谷 4.1kW 防風磁吸式卡式爐CB-AH-41F,2299.0
露營．車宿,https://online.carrefour.com.tw/dw/image/v2/BFHC_PRD/on/demandware.static/-/Sites-carrefour-tw-m-inner/default/dw069f7c20/images/large/33541032001 (1).jpg?sw=300&bgcolor=FFFFFF,3354103200101,折疊式提籃餐桌-顏色隨機出貨,459.0
椅．凳,https://online.carrefour.com.tw/dw/image/v2/BFHC_PRD/on/demandware.static/-/Sites-carrefour-tw-m-inner/default/dw2b9f9871/images/large/31802048001-1.jpg?sw=300&bgcolor=FFFFFF,3180204800101,KeywaySUV止滑摺合椅-綠色,269.0
椅．凳,https://online.carrefour.com.tw/dw/image/v2/BFHC_PRD/on/demandware.static/-/Sites-carrefour-tw-m-inner/default/dwef93179d/images/large/31802048002-1.jpg?sw=300&bgcolor=FFFFFF,3180204800201,KeywaySUV止滑摺合椅-藍色,269.0
露營．車宿,https://online.carrefour.com.tw/dw/image/v2/BFHC_PRD/on/demandware.static/-/Sites-carrefour-tw-m-inner/default/dwc7fb5609/images/large/33540096001.jpg?sw=300&bgcolor=FFFFFF,3354009600101,戶外折疊椅-顏色隨機出貨,1099.0
飲水壺．保溫保冰,https://online.carrefour.com.tw/dw/image/v2/BFHC_PRD/on/demandware.static/-/Sites-carrefour-tw-m-inner/default/dwa676d249/images/large/31417081001(1).jpg?sw=300&bgcolor=FFFFFF,3141708100101,PINNACLE 冰桶4.5L,399.0
椅．凳,https://online.carrefour.com.tw/dw/image/v2/BFHC_PRD/on/demandware.static/-/Sites-carrefour-tw-m-inner/default/dw63d3ac1e/images/large/3180204900101_NR_00.JPG?sw=300&bgcolor=FFFFFF,3180204900101,Keyway鐵馬摺合椅23cm-綠色,385.0
露營．車宿,https://online.carrefour.com.tw/dw/image/v2/BFHC_PRD/on/demandware.static/-/Sites-carrefour-tw-m-inner/default/dw2f76d143/images/large/3354104300101.jpg?sw=300&bgcolor=FFFFFF,3354104300101,輕蛋捲碳鋼桌(大),990.0
露營．車宿,https://online.carrefour.com.tw/dw/image/v2/BFHC_PRD/on/demandware.static/-/Sites-carrefour-tw-m-inner/default/dw00a70fa9/images/large/0159600.jpeg?sw=300&bgcolor=FFFFFF,3355500500101,八股特級童軍繩(330公分),25.0
露營．車宿,https://online.carrefour.com.tw/dw/image/v2/BFHC_PRD/on/demandware.static/-/Sites-carrefour-tw-m-inner/default/dwdff65278/images/large/3353409200101-1.jpg?sw=300&bgcolor=FFFFFF,3353409200101,【露營用品】Turbo Tent野餐帳(乾隆黃),3680.0
露營．車宿,https://online.carrefour.com.tw/dw/image/v2/BFHC_PRD/on/demandware.static/-/Sites-carrefour-tw-m-inner/default/dwca22f02f/images/large/0264940_tourist-270-6.jpeg?sw=300&bgcolor=FFFFFF,3353200500101,【露營用品】Tourist 270-旅行者6人帳(忍者黑),19800.0
傢俱,https://online.carrefour.com.tw/dw/image/v2/BFHC_PRD/on/demandware.static/-/Sites-carrefour-tw-m-inner/default/dwc75bd0f1/images/large/3189002700301_NR_00.jpg?sw=300&bgcolor=FFFFFF,3189002700301,TUMAZ輕便折疊椅-酒紅色,950.0
露營．車宿,https://online.carrefour.com.tw/dw/image/v2/BFHC_PRD/on/demandware.static/-/Sites-carrefour-tw-m-inner/default/dw7d9405fb/images/large/3355596900101_NR_00.jpg?sw=300&bgcolor=FFFFFF,3355596900101,輕量不鏽鋼杯,179.0
露營．車宿,https://online.carrefour.com.tw/dw/image/v2/BFHC_PRD/on/demandware.static/-/Sites-carrefour-tw-m-inner/default/dw79e50905/images/large/0242971_motaa13l.jpeg?sw=300&bgcolor=FFFFFF,3141701500101,Montana日本製冰桶13L,799.0
飲水壺．保溫保冰,https://online.carrefour.com.tw/dw/image/v2/BFHC_PRD/on/demandware.static/-/Sites-carrefour-tw-m-inner/default/dwf2d27bd6/images/large/31417077001-35-1.jpg?sw=300&bgcolor=FFFFFF,3141707700101,FORES CREW 日本製保冷冰桶-35L,1799.0
飲水壺．保溫保冰,https://online.carrefour.com.tw/dw/image/v2/BFHC_PRD/on/demandware.static/-/Sites-carrefour-tw-m-inner/default/dwb9ff5aba/images/large/3141704900101_NR_00.jpg?sw=300&bgcolor=FFFFFF,3141704900101,休閒冰桶TH485-42.1公升,2388.0
飲水壺．保溫保冰,https://online.carrefour.com.tw/dw/image/v2/BFHC_PRD/on/demandware.static/-/Sites-carrefour-tw-m-inner/default/dwff49af66/images/large/31417075001-25-1.jpg?sw=300&bgcolor=FFFFFF,3141707500101,FORES CREW 日本製保冷冰桶-25L,1399.0
保冰．製冰用品,https://online.carrefour.com.tw/dw/image/v2/BFHC_PRD/on/demandware.static/-/Sites-carrefour-tw-m-inner/default/dwca6662de/images/large/3141891100101-1-removebg-preview.png?sw=300&bgcolor=FFFFFF,3141891100101,妙管家繽紛保冷袋30L,599.0
露營．車宿,https://online.carrefour.com.tw/dw/image/v2/BFHC_PRD/on/demandware.static/-/Sites-carrefour-tw-m-inner/default/dwdb882c41/images/large/0264946.jpeg?sw=300&bgcolor=FFFFFF,3353408500101,【露營用品】TURBO TENT小蝸牛天幕帳,4280.0
傢俱,https://online.carrefour.com.tw/dw/image/v2/BFHC_PRD/on/demandware.static/-/Sites-carrefour-tw-m-inner/default/dwb758be42/images/large/31890021002.jpg?sw=300&bgcolor=FFFFFF,3189002100201,德斯便攜型戶外折疊椅-米黃色,599.0
傢俱,https://online.carrefour.com.tw/dw/image/v2/BFHC_PRD/on/demandware.static/-/Sites-carrefour-tw-m-inner/default/dw2e240ccc/images/large/31890022001.jpg?sw=300&bgcolor=FFFFFF,3189002200101,洛克便攜型戶外折疊椅-卡其色,999.0

露營．車宿,https://online.carrefour.com.tw/dw/image/v2/BFHC_PRD/on/demandware.static/-/Sites-carrefour-tw-m-inner/default/dwa4949c68/images/large/3355302000101-2.jpg?sw=300&bgcolor=FFFFFF,3355302000101,304不鏽鋼露營保溫馬克杯(顏色隨機出貨),199.0
飲水壺．保溫保冰,https://online.carrefour.com.tw/dw/image/v2/BFHC_PRD/on/demandware.static/-/Sites-carrefour-tw-m-inner/default/dwb345f4da/images/large/0276669_baselad75l.jpeg?sw=300&bgcolor=FFFFFF,3141706400101,Baseland日本專業冰桶7.5L,599.0
保冰．製冰用品,https://online.carrefour.com.tw/dw/image/v2/BFHC_PRD/on/demandware.static/-/Sites-carrefour-tw-m-inner/default/dwacafee03/images/large/3141891600101.jpg?sw=300&bgcolor=FFFFFF,3141891600101,IGLOO保齡球袋造型保冷袋-熱帶花卉,299.0
飲水壺．保溫保冰,https://online.carrefour.com.tw/dw/image/v2/BFHC_PRD/on/demandware.static/-/Sites-carrefour-tw-m-inner/default/dwedb4b336/images/large/31417083001(1).jpg?sw=300&bgcolor=FFFFFF,3141708300101,PINNACLE冰桶31L,1099.0
飲水壺．保溫保冰,https://online.carrefour.com.tw/dw/image/v2/BFHC_PRD/on/demandware.static/-/Sites-carrefour-tw-m-inner/default/dw1689057f/images/large/31417084001.jpg?sw=300&bgcolor=FFFFFF,3141708400101,IJSSEL 日本製可攜式保冷冰桶 13L-大地棕,899.0
椅．凳,https://online.carrefour.com.tw/dw/image/v2/BFHC_PRD/on/demandware.static/-/Sites-carrefour-tw-m-inner/default/dwe678f76c/images/large/0174249.jpeg?sw=300&bgcolor=FFFFFF,3180203200201,美好小折椅-粉色,198.0
露營．車宿,https://online.carrefour.com.tw/on/demandware.static/-/Library-Sites-CarrefourTaiwanSharedLib/default/dwb903b49f/watermark/bogoicon2024.png,3355410200101,銀河氛圍捲尺燈-彩光,699.0
露營．車宿,https://online.carrefour.com.tw/dw/image/v2/BFHC_PRD/on/demandware.static/-/Sites-carrefour-tw-m-inner/default/dwe90d4168/images/large/3353104200101.jpg?sw=300&bgcolor=FFFFFF,3353104200101,貓福珊迪彈開式帳篷,1888.0
露營．車宿,https://online.carrefour.com.tw/dw/image/v2/BFHC_PRD/on/demandware.static/-/Sites-carrefour-tw-m-inner/default/dwc6c4141b/images/large/3355696200101.jpg?sw=300&bgcolor=FFFFFF,3355696200101,三角掛架-大,649.0
露營．車宿,https://online.carrefour.com.tw/dw/image/v2/BFHC_PRD/on/demandware.static/-/Sites-carrefour-tw-m-inner/default/dw3042d006/images/large/3355598400101.jpg?sw=300&bgcolor=FFFFFF,3355598400101,亨睿萬用收納包(款式隨機出貨),399.0
露營．車宿,https://online.carrefour.com.tw/dw/image/v2/BFHC_PRD/on/demandware.static/-/Sites-carrefour-tw-m-inner/default/dwd5202b4e/images/large/3355598500101.jpg?sw=300&bgcolor=FFFFFF,3355598500101,【露營用品】亨睿多功能曬網,399.0
露營．車宿,https://online.carrefour.com.tw/dw/image/v2/BFHC_PRD/on/demandware.static/-/Sites-carrefour-tw-m-inner/default/dw6639d3b7/images/large/3354011700101.jpg?sw=300&bgcolor=FFFFFF,3354011700101,亨睿露營摺疊椅,999.0
露營．車宿,https://online.carrefour.com.tw/dw/image/v2/BFHC_PRD/on/demandware.static/-/Sites-carrefour-tw-m-inner/default/dwc18f1686/images/large/3354104400101.jpg?sw=300&bgcolor=FFFFFF,3354104400101,【露營用品】輕蛋捲碳鋼桌-小,699.0
露營．車宿,https://online.carrefour.com.tw/dw/image/v2/BFHC_PRD/on/demandware.static/-/Sites-carrefour-tw-m-inner/default/dw9cc9cc0c/images/large/0252165_turbo-tet-.jpeg?sw=300&bgcolor=FFFFFF,3350090100101,Turbo Tent 輕量化氣囊枕,1580.0
露營．車宿,https://online.carrefour.com.tw/dw/image/v2/BFHC_PRD/on/demandware.static/-/Sites-carrefour-tw-m-inner/default/dwdc9b267b/images/large/0246434_turbo-tet-320cm.jpeg?sw=300&bgcolor=FFFFFF,3353404100101,TURBO TENT 可伸縮神奇雙針營柱,1670.0
露營．車宿,https://online.carrefour.com.tw/dw/image/v2/BFHC_PRD/on/demandware.static/-/Sites-carrefour-tw-m-inner/default/dw25b3e61e/images/large/0264933_turbotet-omad270-6.jpeg?sw=300&bgcolor=FFFFFF,3353200300101,【露營用品】TurboTent Nomad270-6人帳黑象強化版,12580.0
傢俱,https://online.carrefour.com.tw/dw/image/v2/BFHC_PRD/on/demandware.static/-/Sites-carrefour-tw-m-inner/default/dwcc18599c/images/large/31890021001.jpg?sw=300&bgcolor=FFFFFF,3189002100101,德斯便攜型戶外折疊椅-藍色,599.0
飲水壺．保溫保冰,https://online.carrefour.com.tw/dw/image/v2/BFHC_PRD/on/demandware.static/-/Sites-carrefour-tw-m-inner/default/dw84a43e0d/images/large/0276693_baselad15l.jpeg?sw=300&bgcolor=FFFFFF,3141706600101,Baseland日本專業冰桶15L,1199.0
收納整理,https://online.carrefour.com.tw/dw/image/v2/BFHC_PRD/on/demandware.static/-/Sites-carrefour-tw-m-inner/default/dwb323ae98/images/large/3167913400201_NR_01.jpg?sw=300&bgcolor=FFFFFF,3167913400201,Keyway雙輪SUV整理箱65L-藍色,629.0
露營．車宿,https://online.carrefour.com.tw/dw/image/v2/BFHC_PRD/on/demandware.static/-/Sites-carrefour-tw-m-inner/default/dwfe5f42f4/images/large/33540112001.png?sw=300&bgcolor=FFFFFF,3354011200101,鋁膜野餐墊,189.0
傢俱,https://online.carrefour.com.tw/dw/image/v2/BFHC_PRD/on/demandware.static/-/Sites-carrefour-tw-m-inner/default/dwf9c4ddc3/images/large/3189002700201_NR_00.jpg?sw=300&bgcolor=FFFFFF,3189002700201,TUMAZ輕便折疊椅-卡其色,950.0
傢俱,https://online.carrefour.com.tw/dw/image/v2/BFHC_PRD/on/demandware.static/-/Sites-carrefour-tw-m-inner/default/dw37572798/images/large/31890022002.jpg?sw=300&bgcolor=FFFFFF,3189002200201,洛克便攜型戶外折疊椅-黑色,999.0
飲水壺．保溫保冰,https://online.carrefour.com.tw/dw/image/v2/BFHC_PRD/on/demandware.static/-/Sites-carrefour-tw-m-inner/default/dw67bf84ff/images/large/3141701200101_NR_00.jpg?sw=300&bgcolor=FFFFFF,3141701200101,休閒冰桶23.9L (TH245),1198.0
露營．車宿,https://online.carrefour.com.tw/dw/image/v2/BFHC_PRD/on/demandware.static/-/Sites-carrefour-tw-m-inner/default/dwf3e4ddac/images/large/33555968001.jpg?sw=300&bgcolor=FFFFFF,3355596800101,雪拉碗-280ML,149.0

保冰．製冰用品,https://online.carrefour.com.tw/dw/image/v2/BFHC_PRD/on/demandware.static/-/Sites-carrefour-tw-m-inner/default/dw3f400c01/images/large/0093145_hk22l.jpeg?sw=300&bgcolor=FFFFFF,3141800800101,HK直式保冷袋(綠色)22L,299.0
飲水壺．保溫保冰,https://online.carrefour.com.tw/dw/image/v2/BFHC_PRD/on/demandware.static/-/Sites-carrefour-tw-m-inner/default/dw5769daf0/images/large/31417086001.jpg?sw=300&bgcolor=FFFFFF,3141708600101,Grizzly背帶式冰桶26L,1599.0
保冰．製冰用品,https://online.carrefour.com.tw/dw/image/v2/BFHC_PRD/on/demandware.static/-/Sites-carrefour-tw-m-inner/default/dwf8414fb1/images/large/0232945_c00l-mate500g.jpeg?sw=300&bgcolor=FFFFFF,3141905200101,日燃COOL MATE 抗菌保冷劑500g,99.0
保冰．製冰用品,https://online.carrefour.com.tw/dw/image/v2/BFHC_PRD/on/demandware.static/-/Sites-carrefour-tw-m-inner/default/dw4bc95a21/images/large/0232940_c00l-mate750g.jpeg?sw=300&bgcolor=FFFFFF,3141905000101,日燃COOL MATE 抗菌保冷劑750g,139.0
露營．車宿,https://online.carrefour.com.tw/dw/image/v2/BFHC_PRD/on/demandware.static/-/Sites-carrefour-tw-m-inner/default/dwe27fe19d/images/large/3355000500101.jpg?sw=300&bgcolor=FFFFFF,3355000500101,岩谷韓式烤盤(小),899.0
身體舒壓,https://online.carrefour.com.tw/on/demandware.static/-/Library-Sites-CarrefourTaiwanSharedLib/default/dw1f6a880e/watermark/supplier.png,3315507900101,康生多功能摺疊旅行桌,799.0
椅．凳,https://online.carrefour.com.tw/dw/image/v2/BFHC_PRD/on/demandware.static/-/Sites-carrefour-tw-m-inner/default/dw9b211673/images/large/3180205000201_NR_00.JPG?sw=300&bgcolor=FFFFFF,3180205000201,Keyway鐵馬摺合椅39cm-藍色,499.0
露營．車宿,https://online.carrefour.com.tw/dw/image/v2/BFHC_PRD/on/demandware.static/-/Sites-carrefour-tw-m-inner/default/dw36926147/images/large/3354104100101.jpg?sw=300&bgcolor=FFFFFF,3354104100101,三折鋼網折疊桌,1990.0
露營．車宿,https://online.carrefour.com.tw/dw/image/v2/BFHC_PRD/on/demandware.static/-/Sites-carrefour-tw-m-inner/default/dw97b63fb8/images/large/0246437_turbo-tet-.jpeg?sw=300&bgcolor=FFFFFF,3354006000101,TURBO TENT 彈道尼龍柚木折疊椅,4980.0
傢俱,https://online.carrefour.com.tw/dw/image/v2/BFHC_PRD/on/demandware.static/-/Sites-carrefour-tw-m-inner/default/dw3bfa5b1f/images/large/3189003100201_NR_01.jpg?sw=300&bgcolor=FFFFFF,3189003100201,TUMAZ雙人彈簧折疊椅-卡其色,2299.0
飲水壺．保溫保冰,https://online.carrefour.com.tw/dw/image/v2/BFHC_PRD/on/demandware.static/-/Sites-carrefour-tw-m-inner/default/dw4c7935c0/images/large/0276587_baselad35l.jpeg?sw=300&bgcolor=FFFFFF,3141706200101,Baseland日本專業冰桶35L,2199.0
飲水壺．保溫保冰,https://online.carrefour.com.tw/dw/image/v2/BFHC_PRD/on/demandware.static/-/Sites-carrefour-tw-m-inner/default/dwcb28cca1/images/large/0276684_baselad12l.jpeg?sw=300&bgcolor=FFFFFF,3141706300101,Baseland日本專業冰桶12L,799.0
飲水壺．保溫保冰,https://online.carrefour.com.tw/dw/image/v2/BFHC_PRD/on/demandware.static/-/Sites-carrefour-tw-m-inner/default/dwb890bf93/images/large/3141701100101_NR_00.jpg?sw=300&bgcolor=FFFFFF,3141701100101,休閒冰桶7.2 L (TH095),498.0
飲水壺．保溫保冰,https://online.carrefour.com.tw/dw/image/v2/BFHC_PRD/on/demandware.static/-/Sites-carrefour-tw-m-inner/default/dwb0c550e3/images/large/31417079001-1.jpg?sw=300&bgcolor=FFFFFF,3141707900101,IGLOO LATITUDE 30Q冰桶,1649.0
收納整理,https://online.carrefour.com.tw/dw/image/v2/BFHC_PRD/on/demandware.static/-/Sites-carrefour-tw-m-inner/default/dw2edaec34/images/large/3167913300101_NR_00.JPG?sw=300&bgcolor=FFFFFF,3167913300101,巴頓木蓋露營折疊箱-顏色隨機出貨,999.0
露營．車宿,https://online.carrefour.com.tw/dw/image/v2/BFHC_PRD/on/demandware.static/-/Sites-carrefour-tw-m-inner/default/dw228fc10a/images/large/3355000100101_NR_00.jpg?sw=300&bgcolor=FFFFFF,3355000100101,雙虎卡式瓦斯爐不鏽鋼三安控,999.0
露營．車宿,https://online.carrefour.com.tw/dw/image/v2/BFHC_PRD/on/demandware.static/-/Sites-carrefour-tw-m-inner/default/dw829df64e/images/large/3355410000101.jpg?sw=300&bgcolor=FFFFFF,3355410000101,【露營用品】復古吊掛胖胖燈(顏色隨機出貨),249.0
露營．車宿,https://online.carrefour.com.tw/dw/image/v2/BFHC_PRD/on/demandware.static/-/Sites-carrefour-tw-m-inner/default/dwf0a5e071/images/large/33556944001.JPG?sw=300&bgcolor=FFFFFF,3355694400101,多功能推拉兩用折疊車,4490.0
露營．車宿,https://online.carrefour.com.tw/dw/image/v2/BFHC_PRD/on/demandware.static/-/Sites-carrefour-tw-m-inner/default/dw89918ddb/images/large/33550950001.jpg?sw=300&bgcolor=FFFFFF,3355095000101,Iwatani 岩谷網烤串燒卡式爐,2680.0
椅．凳,https://online.carrefour.com.tw/dw/image/v2/BFHC_PRD/on/demandware.static/-/Sites-carrefour-tw-m-inner/default/dw57191c6c/images/large/3180205000101_NR_00.JPG?sw=300&bgcolor=FFFFFF,3180205000101,Keyway鐵馬摺合椅39cm-綠色,499.0
收納整理,https://online.carrefour.com.tw/dw/image/v2/BFHC_PRD/on/demandware.static/-/Sites-carrefour-tw-m-inner/default/dwb2492e89/images/large/31679131001.jpg?sw=300&bgcolor=FFFFFF,3167913100101,KeywaySUV(大)手提收納籃,425.0
收納整理,https://online.carrefour.com.tw/dw/image/v2/BFHC_PRD/on/demandware.static/-/Sites-carrefour-tw-m-inner/default/dw00d37069/images/large/3167913400101_NR_00.jpg?sw=300&bgcolor=FFFFFF,3167913400101,Keyway雙輪SUV整理箱65L-綠色,629.0
露營．車宿,https://online.carrefour.com.tw/dw/image/v2/BFHC_PRD/on/demandware.static/-/Sites-carrefour-tw-m-inner/default/dw1f6eb967/images/large/0264942.jpeg?sw=300&bgcolor=FFFFFF,3355590500101,【露營用品】木質精編野餐籃,4080.0
桌子,https://online.carrefour.com.tw/dw/image/v2/BFHC_PRD/on/demandware.static/-/Sites-carrefour-tw-m-inner/default/dw667ff2a9/images/large/3181205200201-1.jpg?sw=300&bgcolor=FFFFFF,3181205200201,KeywaySUV休閒摺合桌-藍色,769.0

露營．車宿,https://online.carrefour.com.tw/dw/image/v2/BFHC_PRD/on/demandware.static/-/Sites-carrefour-tw-m-inner/default/dw9f12bfb9/images/large/33500904001.jpg?sw=300&bgcolor=FFFFFF,3350090400101,【露營用品】TREEWALKER 3D立體充氣枕-顏色隨機出貨,629.0
露營．車宿,https://online.carrefour.com.tw/dw/image/v2/BFHC_PRD/on/demandware.static/-/Sites-carrefour-tw-m-inner/default/dwa88b621c/images/large/33550946001.jpg?sw=300&bgcolor=FFFFFF,3355094600101,DR. HOWS迷你爐-薄荷色,2680.0
露營．車宿,https://online.carrefour.com.tw/dw/image/v2/BFHC_PRD/on/demandware.static/-/Sites-carrefour-tw-m-inner/default/dw15b72292/images/large/33500905001-2.jpg?sw=300&bgcolor=FFFFFF,3350090500101,【露營用品】TREEWALKER 極輕紓壓充氣枕-顏色隨機出貨,449.0
五金材料,https://online.carrefour.com.tw/dw/image/v2/BFHC_PRD/on/demandware.static/-/Sites-carrefour-tw-m-inner/default/dwb142dd41/images/large/3009401100101_NR_00.jpg?sw=300&bgcolor=FFFFFF,3009401100101,億光三排LED防水軟燈條10M-黃光,1290.0
露營．車宿,https://online.carrefour.com.tw/dw/image/v2/BFHC_PRD/on/demandware.static/-/Sites-carrefour-tw-m-inner/default/dwf5bf07c1/images/large/3354009000101.jpg?sw=300&bgcolor=FFFFFF,3354009000101,探險家渡假風雙人椅 DJ-6513,2380.0
飲水壺．保溫保冰,https://online.carrefour.com.tw/dw/image/v2/BFHC_PRD/on/demandware.static/-/Sites-carrefour-tw-m-inner/default/dw685687ef/images/large/31417087001.jpg?sw=300&bgcolor=FFFFFF,3141708700101,Grizzly背帶式冰桶35L,1899.0
露營．車宿,https://online.carrefour.com.tw/dw/image/v2/BFHC_PRD/on/demandware.static/-/Sites-carrefour-tw-m-inner/default/dwca2a6952/images/large/33541026001.jpg?sw=300&bgcolor=FFFFFF,3354102600101,探險家三段折疊迷你桌 (附外袋),1049.0
保冰．製冰用品,https://online.carrefour.com.tw/dw/image/v2/BFHC_PRD/on/demandware.static/-/Sites-carrefour-tw-m-inner/default/dw945f8ead/images/large/0232946_c00l-mate300g.png?sw=300&bgcolor=FFFFFF,3141905100101,日燃COOL MATE 抗菌保冷劑300g,79.0
露營．車宿,https://online.carrefour.com.tw/dw/image/v2/BFHC_PRD/on/demandware.static/-/Sites-carrefour-tw-m-inner/default/dw042f7aa3/images/large/0242969_motaa13l.jpeg?sw=300&bgcolor=FFFFFF,3141701500201,Montana日本製冰桶13L-小麥色,799.0
飲水壺．保溫保冰,https://online.carrefour.com.tw/dw/image/v2/BFHC_PRD/on/demandware.static/-/Sites-carrefour-tw-m-inner/default/dw970f3a35/images/large/0276584_baselad25l.jpeg?sw=300&bgcolor=FFFFFF,3141706500101,Baseland日本專業冰桶25L,1599.0
露營．車宿,https://online.carrefour.com.tw/dw/image/v2/BFHC_PRD/on/demandware.static/-/Sites-carrefour-tw-m-inner/default/dw3891fea0/images/large/3355094300101-1.jpg?sw=300&bgcolor=FFFFFF,3355094300101,岩谷Iwatani綠武士卡式爐(附外盒),2090.0
露營．車宿,https://online.carrefour.com.tw/dw/image/v2/BFHC_PRD/on/demandware.static/-/Sites-carrefour-tw-m-inner/default/dw622f1db5/images/large/3270237100101.jpg?sw=300&bgcolor=FFFFFF,3270237100101,貓福珊迪露營掛布,449.0
露營．車宿,https://online.carrefour.com.tw/dw/image/v2/BFHC_PRD/on/demandware.static/-/Sites-carrefour-tw-m-inner/default/dwa7413b0d/images/large/3355598100101_NR_00.jpg?sw=300&bgcolor=FFFFFF,3355598100101,側開折疊收納箱50L-顏色隨機出貨,749.0
露營．車宿,https://online.carrefour.com.tw/dw/image/v2/BFHC_PRD/on/demandware.static/-/Sites-carrefour-tw-m-inner/default/dw887cec13/images/large/3355598600101.jpg?sw=300&bgcolor=FFFFFF,3355598600101,亨睿野營雙鍋組,499.0
露營．車宿,https://online.carrefour.com.tw/dw/image/v2/BFHC_PRD/on/demandware.static/-/Sites-carrefour-tw-m-inner/default/dwfa6814a3/images/large/3355598800101_NR_00.jpg?sw=300&bgcolor=FFFFFF,3355598800101,Ta-Da泰達隨身椅(顏色隨機出貨),2780.0
